0,1,near_bus_stop,near_bus_stop_count,bus_at_each_stop,total_bus
127.08,35.88,"[[127.07572981, 35.87625094, '반월초교', 306101462], [127.0757897, 35.87566609, '반월초교', 306101450], [127.0772, 35.8846204, '구중리', 306101538], [127.0783473, 35.8771889, '명성아파트', 305032376], [127.08328641, 35.87607435, '여의역', 306101458], [127.08345759, 35.87599383, '여의역', 306101457], [127.0841438, 35.8756177, '동부대로여의역', 305032319]]",7,(구중리-306101538)-11대(여의역-306101458)-3대(동부대로여의역-305032319)-2대,16
127.14,35.84,"[[127.1369206, 35.83655958, '금암초교입구', 306100968], [127.1371527, 35.83642889, '금암시립도서관', 306100964], [127.13769274, 35.83806254, '금암중앙하이츠', 306100996], [127.13831493, 35.83893341, '금암중앙하이츠', 306101011], [127.13868959, 35.84124683, '배나무골', 306101033], [127.13992156, 35.84259848, '사대부고사거리', 306101046], [127.1401833, 35.8360061, '금암시립도서관', 305032587], [127.140333, 35.842591, '사대부고사거리', 305032581], [127.140352, 35.8359191, '금암시립도서관', 305032588], [127.1404603, 35.8425914, '사대부고사거리', 305032582], [127.14108421, 35.84346261, '사대부고사거리', 306101057], [127.1414516, 35.8400743, '강림교회', 305032583], [127.1415899, 35.8401063, '강림교회', 305032584], [127.1422854, 35.8381023, '금암2동주민센터', 305032585], [127.142391, 35.8380215, '금암2동주민센터', 305032586], [127.14277224, 35.843452, '전북대학병원입구', 306101056]]",16,(금암초교입구-306100968)-6대(금암시립도서관-306100964)-2대(금암시립도서관-305032587)-2대(사대부고사거리-306101057)-10대(전북대학병원입구-306101056)-7대,27
127.13,35.83,"[[127.12591932, 35.83487104, '가리내로 백제교', 306100946], [127.12608594, 35.82916245, '서신초교.아이파크이편한세상', 305100833], [127.12634262, 35.8289759, '서신초교.아이파크이편한세상', 305100828], [127.12722363, 35.8335539, '거성고속맨션.자원봉사센터.고속버스터미널입구', 306100909], [127.12760002, 35.83348524, '거성고속맨션.자원봉사센터.고속버스터미널입구', 306100907], [127.12854865, 35.82638557, '진북터널', 306100790], [127.12871095, 35.83022211, '서신교', 306100850], [127.12875355, 35.82664654, '진북터널', 306100796], [127.12894519, 35.83042842, '서신교', 306100853], [127.13009436, 35.8343029, '고속버스터미널.불교회관', 306100925], [127.13017706, 35.83188092, '숲정이성당', 306100870], [127.13045206, 35.83190592, '숲정이성당', 306100872], [127.13054921, 35.83390745, '고속버스터미널.불교회관', 306100918], [127.13069984, 35.8286869, '진북현대아파트', 306100821], [127.13091021, 35.82873738, '진북현대아파트', 306100823], [127.13260158, 35.83221319, '진북우성아파트후문', 306100882], [127.13260687, 35.83235206, '진북우성아파트후문', 306100887], [127.13292676, 35.82763312, '동국아파트', 306100812], [127.13327081, 35.82749939, '동국아파트', 306100808], [127.13328615, 35.83437333, '시외버스터미널', 306100927], [127.13353119, 35.83411679, '시외버스터미널', 306100922]]",21,(서신초교.아이파크이편한세상-305100833)-3대(서신초교.아이파크이편한세상-305100828)-2대(거성고속맨션.자원봉사센터.고속버스터미널입구-306100907)-3대(서신교-306100850)-3대(진북터널-306100796)-2대(고속버스터미널.불교회관-306100925)-6대(동국아파트-306100808)-1대(시외버스터미널-306100922)-8대,28
127.13,35.84,"[[127.12515768, 35.84250102, '전북대학교.농협앞', 306101044], [127.12519715, 35.84295672, '전북대학교.덕진성당앞', 306101051], [127.12520761, 35.83627383, '종합경기장', 306100961], [127.12706067, 35.84140298, '전북대학교.소나무한의원앞', 306101035], [127.1290611, 35.8356764, '고속버스터미널후문', 306100952], [127.12958796, 35.83569905, '고속버스터미널후문', 306100954], [127.1307982, 35.8436702, '삼성문화회관', 312302214], [127.1311667, 35.8384609, '전북일보사', 306101004], [127.13141174, 35.8379584, '국민은행금암지점', 306100993], [127.13143203, 35.84009301, '전북은행본점', 306101017], [127.13157897, 35.83746271, '수협도지회', 306100985], [127.13178496, 35.83728498, '수협도지회', 306100981], [127.13321366, 35.84113172, '전북대정문.덕진소방서', 306101027], [127.13363898, 35.83678745, '금암1동주민센터', 306100969], [127.13409664, 35.84088606, '전주덕진소방서', 306101020]]",15,(전북대학교.농협앞-306101044)-52대(종합경기장-306100961)-4대(전북대학교.소나무한의원앞-306101035)-56대(고속버스터미널후문-306100952)-2대(전북일보사-306101004)-26대(수협도지회-306100981)-1대,141
127.12,35.84,"[[127.11959615, 35.83993218, '한국건강관리협회', 306101016], [127.1204101, 35.84036684, '한국건강관리협회', 306101018], [127.12108885, 35.83689022, '경기장거성아파트', 306100973], [127.12143588, 35.83700157, '경기장거성아파트', 306100976], [127.12308347, 35.84310173, 'KT북전주지점', 306101053], [127.12318242, 35.84292878, 'KT북전주지점', 306101050], [127.12464075, 35.83650057, '종합경기장', 306100967], [127.12473323, 35.8428057, '전북대학교.한나여성병원앞', 306101049]]",8,(한국건강관리협회-306101018)-9대(경기장거성아파트-306100973)-8대(KT북전주지점-306101053)-2대(전북대학교.한나여성병원앞-306101049)-28대,47
127.08,35.87,"[[127.07591729, 35.8723613, '여의동우체국', 306101411], [127.07658384, 35.8714162, '여의동우체국전북은행', 306101407], [127.07686164, 35.87118379, '여의동전북은행.농협', 306101402], [127.07692636, 35.8709944, '여의동전북은행.농협', 306101400], [127.077388, 35.8692523, '조촌초교', 306101353], [127.0779079, 35.86812128, '조촌초교', 306101368], [127.08057177, 35.8650508, '전주공고', 306101326], [127.08067229, 35.86542536, '전주공고', 306101332], [127.08138291, 35.8734283, '여의우신아파트', 306101417], [127.08146851, 35.87328843, '여의우신아파트', 306101415], [127.083801, 35.8735951, '전북여자고등학교', 305032572], [127.0839675, 35.8735326, '전북여자고등학교', 305032571]]",12,(여의동전북은행.농협-306101402)-4대(여의동전북은행.농협-306101400)-1대,5
127.12,35.86,"[[127.11781497, 35.85863312, '송천동2파출소', 306101249], [127.11802905, 35.85863312, '송천2파출소', 306101250], [127.1188214, 35.8558785, '송천서호아파트', 305032465], [127.11982418, 35.85538448, '송천삼거리 롯데마트', 306101211], [127.11984346, 35.85668235, '송천삼거리', 306101229], [127.12077329, 35.85701397, '송천1동주민센터', 306101233], [127.1211436, 35.8605886, '전라고', 306101274], [127.12138472, 35.86493158, '송천동성원무지개아파트', 306101324], [127.12156208, 35.86055764, '전라고', 306101280], [127.12369476, 35.86363645, '송북초교', 306101307], [127.12372569, 35.8639091, '송북초교', 306101313]]",11,(송천동2파출소-306101249)-18대(송천2파출소-306101250)-16대(송천삼거리 롯데마트-306101211)-29대(송천동성원무지개아파트-306101324)-2대(송북초교-306101307)-19대,84
127.16,35.85,"[[127.155015, 35.847482, '백제대로한국전기안전공사', 306101092], [127.15561827, 35.85440409, '이편한세상 우아', 306101190], [127.15760015, 35.85455441, '기린중', 306101193], [127.1578906, 35.8483197, '전주역첫마중길', 306101094], [127.15818391, 35.85423569, '기린중', 306101186], [127.1588352, 35.8488499, '전주역첫마중길', 306101110], [127.160103, 35.85042866, '동부대로전주역', 306101130], [127.16063486, 35.84881087, '동부대로전주역', 306101103], [127.16109889, 35.84994976, '전주역종점', 306101123], [127.16291741, 35.84647497, '동부대로신기마을', 306101096]]",10,(백제대로한국전기안전공사-306101092)-34대(기린중-306101193)-6대(전주역첫마중길-306101094)-35대(기린중-306101186)-3대,78
127.15,35.84,"[[127.14535014, 35.84466416, '전북대학병원입구', 306101070], [127.1453592, 35.835357, '전주여자고등학교', 305032596], [127.1454363, 35.8354654, '전주여자고등학교', 305032595], [127.1455326, 35.8374447, '전일중학교', 305032598], [127.14566, 35.8374271, '전일중학교', 305032597], [127.1457041, 35.8399607, '인후2동주민센터', 305032600], [127.1458535, 35.8399927, '인후2동주민센터', 305032599], [127.14664986, 35.84463013, '동전주우체국', 306101069], [127.1472064, 35.8420298, '구숙사공원', 305032602], [127.1472735, 35.8418858, '구숙사공원', 305032601], [127.14759274, 35.83506423, '전주생명과학고등학교', 306100943], [127.14835046, 35.83502944, '전주생명과학고등학교', 306100940], [127.1504883, 35.844857, '성락타운', 305032605], [127.1506045, 35.8448889, '성락타운', 305032606], [127.15075133, 35.83782996, '동중학교', 306100992], [127.1509498, 35.8431498, '금성교회', 305032603], [127.1510224, 35.8430237, '금성교회', 305032604], [127.15116098, 35.83641443, '인후휴먼시아아파트', 306100965], [127.15118106, 35.83842578, '동중학교', 306100999], [127.15178569, 35.83623617, '인후휴먼시아아파트', 306100960], [127.15200998, 35.8426526, '인후위브어울림아파트', 306101048], [127.15251465, 35.84295257, '인후위브어울림아파트', 306101052], [127.15480906, 35.83654835, '안골', 306100966], [127.15489706, 35.84067342, '북일초교', 306101019]]",24,(전북대학병원입구-306101070)-17대(인후2동주민센터-305032600)-1대(동전주우체국-306101069)-16대(전주생명과학고등학교-306100943)-44대(전주생명과학고등학교-306100940)-42대(안골-306100966)-2대(북일초교-306101019)-2대,124
127.11,35.86,"[[127.11436691, 35.86366623, '송천대명아파트', 306101308], [127.11447243, 35.86004601, '천일강변아파트', 306101268], [127.11478688, 35.8630123, '송천대명아파트', 306101297], [127.11486422, 35.86059084, '용소마을제일아파트', 306102011]]",4,(송천대명아파트-306101297)-18대,18
127.1,35.85,"[[127.09568025, 35.85204409, '정비공단', 306101148], [127.095864, 35.85157634, '정비공단', 306101142], [127.10245833, 35.84929956, '팔복남양아파트', 306101111], [127.10246158, 35.84987045, '팔복남양아파트', 306101122], [127.10381288, 35.85454879, '팔복주유소', 306101192], [127.1038692, 35.85285666, '팔복근린상가', 306101157]]",6,(정비공단-306101148)-5대(정비공단-306101142)-4대,9
127.11,35.85,"[[127.10516829, 35.85328787, '팔복근린상가', 306101162], [127.10894951, 35.84599612, '하가더루벤스아파트', 306032043], [127.10918317, 35.8458897, '하가더루벤스아파트', 306032042], [127.10941324, 35.85120122, '추천대교', 306101140], [127.10963811, 35.85157764, '추천대교', 306101143], [127.11385266, 35.84909503, '덕일초중', 306101107], [127.11426908, 35.84944843, '전일여객', 306101115]]",7,(팔복근린상가-306101162)-25대(하가더루벤스아파트-306032042)-3대(전일여객-306101115)-23대,51
127.14,35.81,"[[127.13512512, 35.80871108, '용머리고개', 305100538], [127.13690696, 35.80905101, '용머리고개', 305100537], [127.13903665, 35.81225757, '완산동시외버스정류소', 305100568], [127.13925744, 35.81220216, '완산동시외버스정류소', 305100567], [127.13968639, 35.81449456, '완산교', 305100600], [127.14291685, 35.81475211, '전주시보건소', 305100605]]",6,(용머리고개-305100538)-61대(완산동시외버스정류소-305100567)-59대,120
127.14,35.82,"[[127.13657217, 35.82025314, '도토리골다리', 305100688], [127.13676333, 35.82045026, '도토리골다리', 305100691], [127.13745777, 35.82246074, '농협태평지점', 305100720], [127.13762782, 35.82253727, '농협태평지점', 305100725], [127.13765637, 35.81550005, '신흥중고등학교', 305100621], [127.13766517, 35.81577568, '신흥중고등학교', 305100625], [127.13925742, 35.8173306, '다가교', 305100646], [127.1395377, 35.81552583, '다가교서문교회', 305100623], [127.14003866, 35.82151057, '전주초교', 305100706], [127.14015912, 35.8216286, '전주초교', 305100716], [127.14111827, 35.8167323, '서문', 305100640], [127.14150244, 35.81714449, '서문', 305100644], [127.14274571, 35.81515762, '전주시보건소', 305100611], [127.1431769, 35.81507129, '전주시보건소', 305100608], [127.14318146, 35.82255149, '상진신협', 305100726], [127.14389968, 35.82265575, '상진신협', 305100721], [127.14462905, 35.82397975, '중앙시장.중앙성당.방송대', 306100743], [127.14478939, 35.82440898, '중앙시장.세이브존', 306100752]]",18,(도토리골다리-305100688)-3대(도토리골다리-305100691)-3대(농협태평지점-305100725)-2대(신흥중고등학교-305100625)-13대(서문-305100640)-22대(전주시보건소-305100608)-12대(상진신협-305100721)-1대(중앙시장.세이브존-306100752)-47대,103
127.12,35.8,"[[127.11661146, 35.80351383, '상산고', 305100473], [127.11669807, 35.79961, '풍남중', 305100430], [127.11672632, 35.79604654, '삼천흥건2차아파트', 305100379], [127.11697945, 35.80362255, '상산고', 305100475], [127.11701112, 35.79602062, '삼천흥건2차아파트', 305100378], [127.11701353, 35.79917526, '풍남중', 305100426], [127.11750939, 35.7985201, '완산소방서', 305100407], [127.1178396, 35.7987292, '완산소방서', 305100418], [127.12035368, 35.79994928, '삼천지구대', 305100439], [127.12040447, 35.79971167, '삼천지구대', 305100433], [127.1205477, 35.79875638, '효문여중', 305100420], [127.12072311, 35.79850143, '효문여중', 305100406], [127.12251059, 35.80080631, '삼천세경아파트', 305100446], [127.1226038, 35.80121321, '삼천세경아파트', 305100452], [127.12434576, 35.80239317, '삼천광진목화아파트', 305100464], [127.1243747, 35.80397906, '효자광진맨션아파트', 305100482], [127.12447188, 35.80313307, '효자광진맨션아파트', 305100470], [127.12468479, 35.80227427, '삼천광진목화아파트', 305100462]]",18,(상산고-305100473)-5대(상산고-305100475)-5대(풍남중-305100426)-1대(완산소방서-305100407)-6대(삼천지구대-305100439)-6대(효문여중-305100420)-4대(효자광진맨션아파트-305100470)-5대,32
127.15,35.8,"[[127.14622023, 35.80135462, '서서학우정목련아파트', 305100453], [127.14638647, 35.80104093, '서서학우정목련아파트', 305100449], [127.14798313, 35.80326509, '서서학예그린아파트', 305100472], [127.1481829, 35.7951631, '흑석골종점', 305032649], [127.1481832, 35.795091, '흑석골종점', 305032648], [127.14862646, 35.80387901, '서서학예그린아파트', 305100480], [127.14952594, 35.79766091, '흑석골', 305100400], [127.14982622, 35.79763853, '흑석골', 305100399], [127.14995377, 35.80419902, '흑석골입구', 305100038], [127.15005506, 35.80233492, '흑석송원아파트', 305100463], [127.1503762, 35.80190147, '흑석송원아파트', 305100460], [127.1505434, 35.79957576, '흑석대승푸른맨션', 305100431], [127.15072101, 35.79953534, '흑석대승푸른맨션', 305100429], [127.15448794, 35.80143367, '삼경사', 305100457], [127.15464303, 35.80141327, '삼경사', 305100456]]",15,(서서학우정목련아파트-305100453)-55대(서서학우정목련아파트-305100449)-51대(흑석골종점-305032648)-1대(흑석골-305100400)-1대(삼경사-305100456)-1대,109
127.12,35.83,"[[127.11505463, 35.82531421, '마전교.본병원', 305100773], [127.1152634, 35.83367417, '서신남양아파트', 305100914], [127.11538568, 35.83408798, '서신중흥아파트', 305100919], [127.11563285, 35.82733207, '서신신협', 305100807], [127.11567315, 35.83480092, '서신중흥아파트', 305100932], [127.11573814, 35.83046736, '서신동주민센터', 305100855], [127.11580966, 35.82601545, '서신로마전교', 305100783], [127.11588987, 35.82776457, '서신신협', 305100813], [127.11589385, 35.83139685, '서신동주민센터', 305100860], [127.11605605, 35.83489342, '서신중흥아파트', 305100935], [127.11761223, 35.83213953, '서신현대아파트', 305100876], [127.11764444, 35.83230921, '서신현대아파트', 305100884], [127.11787983, 35.83396213, '광진선수촌아파트', 305100921], [127.11851213, 35.82667274, '서신성당', 305100795], [127.11855733, 35.83375079, 'KT정보센터', 305100912], [127.11873762, 35.8270564, '서신성당', 305100803], [127.12046394, 35.82523671, '유연로중산공원', 305100770], [127.12083358, 35.83209104, '이마트', 305100877], [127.12084046, 35.83229843, '이마트', 305100883], [127.12094987, 35.82543987, '유연로중산공원', 305100777], [127.12148674, 35.82805427, '전용리', 305100816], [127.12176071, 35.82836358, '전용리', 305100818], [127.12246259, 35.82666764, '서신유창아파트', 305100794], [127.12261048, 35.83086462, '한일고', 312032143], [127.12302775, 35.82626336, '서신우신아파트', 305100787], [127.12462519, 35.83489768, '가리내로 백제교', 306100936]]",26,(마전교.본병원-305100773)-2대(서신남양아파트-305100914)-6대(서신중흥아파트-305100919)-6대(서신신협-305100807)-7대(서신중흥아파트-305100932)-2대(서신로마전교-305100783)-3대(서신신협-305100813)-5대(서신중흥아파트-305100935)-1대(서신현대아파트-305100876)-2대(서신현대아파트-305100884)-1대(유연로중산공원-305100777)-2대,37
127.13,35.81,"[[127.12538429, 35.81186949, '전주상업정보고', 305100563], [127.1257966, 35.8120153, '풍림아이원', 305100565], [127.12596271, 35.80600325, '서부시장', 305100509], [127.12713665, 35.80600367, '서부시장', 305100508], [127.12902712, 35.81169705, '중화산동현대아파트', 305100562], [127.1299393, 35.81235, '준한방병원', 305100564], [127.13053831, 35.80723567, '효자주공3단지', 305100525], [127.13090392, 35.80703339, '효자주공3단지', 305100521], [127.1317143, 35.8112572, '중화산영무예다음현대아파트', 305032324], [127.1319686, 35.8113166, '중화산동오페라하우스', 305032326], [127.13276292, 35.81322379, '예수병원', 305100578], [127.13283941, 35.81358862, '예수병원', 305100587]]",12,(풍림아이원-305100565)-12대(서부시장-305100508)-58대(중화산영무예다음현대아파트-305032324)-1대,71
127.16,35.82,"[[127.15534938, 35.82294804, '전주제일고 입구', 305100729], [127.15846603, 35.82357488, '천사마을', 305100737], [127.1590375, 35.8178782, '원산파크', 306132150], [127.1592145, 35.8179057, '원산파크', 306132149], [127.15924108, 35.82349591, '천사마을', 305100735], [127.16095519, 35.8159242, '남노촌', 305100627], [127.16103991, 35.81621072, '남노촌', 305100633], [127.1612903, 35.8209852, '기린봉', 305100696], [127.1614752, 35.8238429, '마당재사거리', 305032337], [127.161608, 35.8212485, '기린봉', 305100699], [127.16338169, 35.82493459, '마당재', 306100764]]",11,(천사마을-305100737)-7대(천사마을-305100735)-7대(마당재사거리-305032337)-1대(기린봉-305100699)-1대,16
127.13,35.8,"[[127.12594331, 35.79739139, '삼천삼익아파트막걸리골목', 305100395], [127.12611991, 35.79719125, '삼천오성대우아파트', 305100393], [127.12653165, 35.80119379, '삼천쌍용1단지', 305100451], [127.12692788, 35.80149939, '효자광진공작아파트', 305100459], [127.12768493, 35.79863326, '삼천세창 짜임아파트', 305100414], [127.12804271, 35.79853459, '삼천개나리아파트', 305100409], [127.13035529, 35.79526084, '삼천우성아파트', 305100374], [127.1303768, 35.7974818, '삼천신일아파트', 305100392], [127.13109865, 35.79746211, '삼천신일아파트', 305100396], [127.13135157, 35.79506129, '농협평화지소', 305100373], [127.13461747, 35.79650315, '꽃밭정이네거리', 305100387]]",11,(삼천삼익아파트막걸리골목-305100395)-9대(삼천오성대우아파트-305100393)-9대(효자광진공작아파트-305100459)-3대(삼천우성아파트-305100374)-5대(삼천신일아파트-305100392)-4대(농협평화지소-305100373)-4대(꽃밭정이네거리-305100387)-46대,80
127.14,35.8,"[[127.13558091, 35.79654849, '꽃밭정이네거리', 305100385], [127.13629562, 35.79547055, '평화2동주민센터', 305100375], [127.13656873, 35.79607586, '평화2동주민센터', 305100380], [127.13737968, 35.79746601, '완산여고', 305100397], [127.1390222, 35.79770557, '완산여고', 305100401], [127.14108794, 35.79883454, '평화주공1.2단지', 305100423], [127.14142127, 35.798558, '평화주공1.2단지', 305100411], [127.14352842, 35.79971923, '장승백이', 305100434], [127.143604, 35.79936984, '장승백이', 305100427]]",9,(평화2동주민센터-305100375)-2대(완산여고-305100397)-53대(완산여고-305100401)-52대,107
127.12,35.81,"[[127.11661714, 35.80577968, '거마평로안행교', 305100504], [127.11754788, 35.81265423, '서원로완산구청네거리', 305100571], [127.1175812, 35.80670585, '안행교', 305100520], [127.11800285, 35.8064225, '안행교', 305100515], [127.11815693, 35.81361408, '중화산로완산구청네거리', 305100588], [127.11868782, 35.81263555, '완산구청', 305100572], [127.12080521, 35.81228152, '완산구청', 305100566], [127.12086554, 35.80631791, '효자광장', 305100514], [127.12226214, 35.80596921, '효자광장', 305100505], [127.1227635, 35.81342411, '한마음병원.전주병원', 305100581], [127.12287575, 35.8100333, '효자한양운남아파트', 305100549], [127.12333066, 35.81413825, '한마음병원.전주병원', 305100595], [127.12338287, 35.80664945, '백제대로효자광장', 305100518], [127.12354014, 35.80884862, '효자남양황실아파트', 305100533]]",14,(거마평로안행교-305100504)-5대(서원로완산구청네거리-305100571)-5대(안행교-305100515)-55대(중화산로완산구청네거리-305100588)-2대(완산구청-305100572)-7대(효자광장-305100514)-55대(효자한양운남아파트-305100549)-5대,134
127.11,35.82,"[[127.1056791, 35.82383969, '홍산로 경찰청', 305100741], [127.10569896, 35.82167454, '홍산로전북도청', 305100713], [127.1057628, 35.8162474, '전북창조경제혁신센터', 305032363], [127.1061115, 35.8162305, '전북창조경제혁신센터', 305032364], [127.10625959, 35.82380993, '홍산로 경찰청', 305100740], [127.10628065, 35.8216641, '홍산로전북도청', 305100712], [127.10768278, 35.81918961, '효자로전라북도도청', 305100667], [127.10806708, 35.8189981, '효자로전라북도도청', 305100661], [127.11187044, 35.81633783, '신원아침도시.힐스테이트', 305032286], [127.11202151, 35.81569, '씨티병원', 305032285], [127.1143533, 35.8188954, '효자다리', 305100658], [127.11485053, 35.81915827, '효자다리', 305100664]]",12,(홍산로 경찰청-305100741)-3대(전북창조경제혁신센터-305032363)-2대(전북창조경제혁신센터-305032364)-2대(홍산로전북도청-305100712)-3대(효자로전라북도도청-305100667)-5대(효자로전라북도도청-305100661)-3대,18
127.14,35.85,"[[127.13507863, 35.85332241, '실내배드민턴장 조경단', 306101164], [127.13513216, 35.85366463, '실내배드민턴장 조경단', 306101172], [127.13925729, 35.85406304, '체련공원 소리문화의전당', 306101181], [127.13956112, 35.85383428, '체련공원 소리문화의전당', 306101176], [127.1411122, 35.85480228, '전주동물원', 306101198], [127.14153729, 35.85448497, '전주동물원', 306101213], [127.1423653, 35.8457004, '전북대학병원내', 306101079]]",7,(실내배드민턴장 조경단-306101164)-1대(실내배드민턴장 조경단-306101172)-2대(전주동물원-306101198)-1대(전북대학병원내-306101079)-16대,20
127.14,35.83,"[[127.13562582, 35.83101554, '진북우성아파트.전주고용복지센터', 306100859], [127.13617762, 35.830343, '전주시교육청.전주고용복지센터', 306100852], [127.13642739, 35.83369489, '금암광장.청담한방병원', 306100915], [127.13659388, 35.82651846, '진북동양아파트', 306100791], [127.13684468, 35.82664947, '진북동양아파트', 305100793], [127.13705488, 35.8283769, '전북교육문화회관', 306100819], [127.1373989, 35.8330062, '금암광장', 306100911], [127.1377309, 35.8330432, '기린대로금암광장', 306100905], [127.13783588, 35.83345839, '기린대로금암광장', 306100906], [127.13871665, 35.83141844, '청소년상담센터.원광신협', 306100861], [127.13914965, 35.83032546, '한국은행.청소년상담센터', 306100851], [127.13934233, 35.83172599, '진북전자상가', 306100867], [127.13953366, 35.82907929, '한국은행', 306100832], [127.14025275, 35.83141746, '진북전자상가', 306100862], [127.14030958, 35.82597915, '한국방송통신대', 305100782], [127.1419199, 35.82811986, '흥국생명', 306100817], [127.1421066, 35.8347703, '대성슈퍼', 305032592], [127.1422394, 35.8347887, '대성슈퍼', 305032591], [127.1423091, 35.8328279, '모래내입구', 305032593], [127.1424358, 35.832968, '모래내입구', 305032594], [127.14283256, 35.82894399, '기린대로현대병원', 306100827], [127.14299561, 35.82930275, '기린대로현대병원', 306100842], [127.14373151, 35.83203886, '모래내', 306100879], [127.14384075, 35.83167509, '모래내', 306100864], [127.14388436, 35.8261437, '중앙시장', 306100785], [127.14490334, 35.83301705, '모래내시장', 306100898]]",26,(진북우성아파트.전주고용복지센터-306100859)-2대(전주시교육청.전주고용복지센터-306100852)-3대(진북동양아파트-306100791)-2대(진북동양아파트-305100793)-1대(기린대로금암광장-306100905)-8대(기린대로금암광장-306100906)-10대(한국은행.청소년상담센터-306100851)-73대(흥국생명-306100817)-27대(대성슈퍼-305032592)-1대(대성슈퍼-305032591)-1대(기린대로현대병원-306100842)-15대(중앙시장-306100785)-32대(모래내시장-306100898)-21대,196
127.13,35.85,"[[127.12568939, 35.85282014, '전북어린이창의체험관.덕암', 306101156], [127.12599037, 35.85255545, '전북어린이창의체험관.덕암', 306101155], [127.1275173, 35.8495494, '전북대종점', 316032081], [127.1275788, 35.8494278, '전북대종점', 305032481], [127.1279634, 35.8533907, '어린이창의체험관', 305032590], [127.1280851, 35.8534272, '어린이창의체험관', 305032589], [127.1287653, 35.8467267, '건지광장', 306032082], [127.12977968, 35.85240673, '연화마을', 306101152], [127.12987463, 35.85198748, '연화마을', 306101147], [127.13051093, 35.84525276, '전북대국제교류어학원', 305032080]]",10,(전북어린이창의체험관.덕암-306101156)-2대(전북어린이창의체험관.덕암-306101155)-1대(전북대종점-316032081)-6대(전북대종점-305032481)-4대(어린이창의체험관-305032589)-2대,15
127.12,35.85,"[[127.11545638, 35.84571856, '가련산로.원대한방병원', 306101083], [127.11554857, 35.84538482, '가련산로.원대한방병원', 306101078], [127.11619494, 35.8479443, '기린대로.원대한방병원', 306101090], [127.11676511, 35.84824786, '기린대로.원대한방병원', 306101095], [127.11891029, 35.84907486, '도립국악원', 306101106], [127.1193766, 35.85332881, '송천 센트럴파크', 306101163], [127.11968893, 35.84934543, '도립국악원', 306101113], [127.11969439, 35.84624591, '기린대로덕진공원', 306101086], [127.11979367, 35.85361352, '도립여성중고 롯데마트', 306101170], [127.12136775, 35.84574561, '기린대로덕진공원', 306101084], [127.12146814, 35.85120373, '호반촌비사벌아파트', 306132039]]",11,(가련산로.원대한방병원-306101083)-2대(송천 센트럴파크-306101163)-47대(기린대로덕진공원-306101086)-25대(호반촌비사벌아파트-306132039)-1대,75
127.11,35.84,"[[127.10774238, 35.83889384, '서신e편한세상', 305101008], [127.10800307, 35.83866914, '서신e편한세상', 305101003], [127.10908478, 35.84327127, '하가부영아파트', 312132242], [127.10928361, 35.8433088, '하가부영아파트', 312132243], [127.11010185, 35.83988337, '하가영무예다음아파트', 306132084], [127.110291, 35.83849464, '이편한세상(천변)', 306132110], [127.11031092, 35.83869307, '이편한세상(천변)', 306132111], [127.11066824, 35.83971631, '하가영무예다음아파트', 306132083], [127.11129936, 35.84168582, '하가지구영무예다음', 306101022], [127.1113025, 35.84202607, '하가지구영무예다음', 306101042], [127.11205578, 35.83628984, '여울초교', 305100962], [127.11231118, 35.83637476, '여울초교', 305100963], [127.11400487, 35.83570818, '서일초교', 305100953], [127.11413318, 35.83544123, '서일초교', 305100949], [127.11477753, 35.83851579, '하가지구휴먼빌아파트', 306101000], [127.11496449, 35.83862532, '하가지구휴먼빌아파트', 306101005]]",16,(서신e편한세상-305101008)-2대(하가부영아파트-312132242)-5대(하가부영아파트-312132243)-3대(하가영무예다음아파트-306132084)-1대,11
127.14,35.86,"[[127.14308131, 35.85806945, '대지마을', 305032303], [127.14319628, 35.8576737, '대지마을', 305032302]]",2,(대지마을-305032303)-1대(대지마을-305032302)-1대,2
127.07,35.84,"[[127.0656677, 35.8387262, '한국국토정보공사', 305032359], [127.0656964, 35.8356996, '만성초등학교정문', 305032577], [127.0657399, 35.835844, '만성초등학교정문', 305032578], [127.0657573, 35.8385462, '한국국토정보공사', 305032360], [127.0689429, 35.8354768, '국민연금 기금운용본부', 305032673], [127.0696952, 35.8355877, '국민연금 기금운용본부', 305032672], [127.0697953, 35.8420725, '기지제', 305032640], [127.0699845, 35.8419064, '기지제', 305032641], [127.0701188, 35.8387692, '국민연금공단', 306032155], [127.0702416, 35.8385803, '국민연금공단', 306032156], [127.0719831, 35.8361459, '국민연금공단', 305032580], [127.0722382, 35.8360747, '국민연금공단', 305032579], [127.0736286, 35.8388133, '만성시티프라디움', 305032411], [127.0739395, 35.8376198, '만성LH퍼스트리움', 306032157], [127.0742556, 35.8437428, '법원검찰청', 305032427], [127.0744314, 35.8439959, '법원검찰청', 305032428], [127.0746089, 35.839777, '만성시티프라디움', 305032410], [127.0748123, 35.8369466, '만성LH퍼스트리움', 306032158]]",18,(한국국토정보공사-305032359)-5대(만성초등학교정문-305032577)-1대(만성초등학교정문-305032578)-1대(기지제-305032641)-1대(국민연금공단-306032156)-2대(만성시티프라디움-305032411)-1대,11
127.07,35.83,"[[127.0664632, 35.8331418, '혁신호반3차아파트', 306032151], [127.0668632, 35.8328908, '혁신호반3차아파트', 306032152], [127.0686734, 35.8251263, '안심마을.한국농수산대학', 305132147], [127.07076367, 35.82614218, '혁신도시입구', 305100771], [127.07107019, 35.82963969, '한국농수산대학후문', 306100838], [127.07121707, 35.83226303, '두현마을', 312032274], [127.07136023, 35.82944365, '용흥마을', 306100839], [127.07170873, 35.83179932, '두현마을', 312132114], [127.07221289, 35.83228875, '두현마을', 306100865], [127.07417594, 35.83459645, '월평마을', 306032185], [127.07426866, 35.83423664, '월평마을', 305032186]]",11,(혁신호반3차아파트-306032151)-5대(혁신호반3차아파트-306032152)-4대(혁신도시입구-305100771)-2대(한국농수산대학후문-306100838)-1대,12
127.08,35.84,"[[127.0772661, 35.8398432, '만성동로 만성시티프라디움', 305032433], [127.0773503, 35.8448357, '만성에코르', 305032417], [127.0775322, 35.839772, '만성동로 제일풍경채아파트', 305032434], [127.0776389, 35.8447105, '만성중흥S클래스', 305032414], [127.0781631, 35.8377338, '제일풍경채아파트', 306100991], [127.0782733, 35.8420079, '만성도시상가', 305032412], [127.0783853, 35.8375813, '제일풍경채아파트', 306100989], [127.0784492, 35.8422609, '만성도시상가', 305032413], [127.0802569, 35.84110278, '서고사', 306101030], [127.0803397, 35.844298, '만성동로 만성중흥S클래스', 305032662], [127.0806283, 35.8441637, '만성동로 만성중흥S클래스', 305032663], [127.0809075, 35.8418277, '서고사', 306101026]]",12,(만성에코르-305032417)-7대(만성중흥S클래스-305032414)-6대,13
127.08,35.85,"[[127.0750889, 35.8494439, '용정마을', 305032424], [127.0760632, 35.8517717, '용정마을.하나로클럽', 305032440], [127.0764847, 35.851647, '용정마을.하나로클럽', 305032441], [127.07762199, 35.85238121, '하나로클럽', 306101150], [127.07765233, 35.85394188, '하나로클럽', 306101177], [127.0778368, 35.8491651, '만성골드클래스후문', 305032422], [127.07787678, 35.85387041, '하나로클럽', 306101175], [127.0783678, 35.8492752, '만성골드클래스후문', 305032421], [127.07870782, 35.85146089, '법조타운입구', 306101141], [127.0788275, 35.8461031, '만성골드클래스정문', 305032415], [127.0793877, 35.8469706, '만성골드클래스정문', 305032416], [127.0805571, 35.8471839, '만성동로 TBN전북교통방송', 305032661], [127.0807222, 35.8473738, '만성동로 TBN전북교통방송', 305032660], [127.0810328, 35.847896, 'TBN전주교통방송', 305032418], [127.0814974, 35.8480058, 'TBN전주교통방송', 305032419], [127.08232212, 35.85035334, '온고을장례식장', 306101127], [127.0826759, 35.8460525, 'JTV전주방송', 305032323], [127.0829642, 35.8459724, 'JTV전주방송', 305032322], [127.0838226, 35.848068, '미래페이퍼교차로', 305032420], [127.08472671, 35.84963192, '미래페이퍼', 306101119]]",20,(용정마을-305032424)-2대(용정마을.하나로클럽-305032441)-4대(하나로클럽-306101177)-3대(하나로클럽-306101175)-3대(법조타운입구-306101141)-2대(만성골드클래스정문-305032416)-6대(온고을장례식장-306101127)-1대,21
127.07,35.85,"[[127.0659653, 35.8538202, '대한적십자사', 306101173], [127.0662198, 35.8538572, '대한적십자사', 306101169], [127.0723798, 35.8453816, '양현초등학교', 305032426], [127.0729704, 35.8457128, '양현초등학교', 305032425], [127.0747555, 35.8496591, '용정마을', 305032423]]",5,(대한적십자사-306101173)-3대(양현초등학교-305032426)-3대,6
127.08,35.83,[],0,,
127.07,35.87,"[[127.0689158, 35.8701616, '시외고속간이터미널', 305032183], [127.069535, 35.8703712, '시외고속간이터미널', 305032184], [127.07013771, 35.87385833, '반월동 삼오아파트', 306101423], [127.07016309, 35.8741509, '반월동 삼오아파트', 306101426], [127.0703816, 35.8694907, '기린대로 월드컵경기장', 305032456], [127.07112831, 35.86776036, '호남제일문', 306101359], [127.07153191, 35.86762751, '호남제일문', 306101356], [127.07245896, 35.87412321, '반월주공아파트', 306101425], [127.07261016, 35.87383249, '반월주공아파트', 306101421], [127.07280948, 35.87076042, '새전주요양병원', 306101393], [127.07310765, 35.87073024, '새전주요양병원', 306101392], [127.07449234, 35.867854, '푸른솔아파트', 306101362], [127.07484278, 35.86722828, '푸른솔아파트', 306101352]]",13,(시외고속간이터미널-305032183)-32대(시외고속간이터미널-305032184)-13대(반월동 삼오아파트-306101423)-6대(반월동 삼오아파트-306101426)-5대(기린대로 월드컵경기장-305032456)-1대(호남제일문-306101356)-3대(새전주요양병원-306101393)-3대(푸른솔아파트-306101362)-2대,65
127.07,35.88,"[[127.06592533, 35.87818071, '실용리', 306101484], [127.06606613, 35.87826271, '실용리', 306101485], [127.0663398, 35.8848882, '암실', 306101545], [127.066393, 35.8848803, '암실', 306101544]]",4,(실용리-306101484)-3대(암실-306101545)-2대,5
127.17,35.84,"[[127.16675918, 35.84195743, '산정우정신세계아파트', 306101041], [127.16706589, 35.84221628, '산정우정신세계아파트', 306101043], [127.16745218, 35.83951413, '고려병원', 306101015], [127.16748582, 35.83923015, '고려병원', 306101012], [127.1680661, 35.8407513, '동부대로고려병원', 305032353], [127.168453, 35.8409056, '동부대로고려병원', 305032354], [127.17091285, 35.84109586, '백자동', 306101029], [127.17164531, 35.84183281, '백자동', 306101039], [127.1719365, 35.8411902, '백자삼거리', 306101023], [127.17308208, 35.83507318, '동부대로아중천', 306100941]]",10,(산정우정신세계아파트-306101041)-8대(산정우정신세계아파트-306101043)-6대(동부대로고려병원-305032353)-3대(동부대로고려병원-305032354)-1대(백자동-306101029)-11대(백자삼거리-306101023)-9대,38
127.17,35.83,"[[127.16529872, 35.82745586, '인봉초교', 306100810], [127.1654766, 35.82607147, '인후아남아파트', 306100784], [127.16574295, 35.82726625, '인봉초교', 306100806], [127.16663131, 35.82558952, '인후아남아파트', 306100780], [127.16732197, 35.82629608, '아중제일2차아파트', 306100789], [127.1675838, 35.83358, '아중대우아파트', 306100913], [127.16767342, 35.83422165, '아중대우아파트', 306100926], [127.16768459, 35.8268367, '인후부영6차아파트', 306100801], [127.16782411, 35.83251021, '우아롯데아파트', 306100888], [127.16792027, 35.83178082, '아중현대아파트', 306100869], [127.16879113, 35.83007524, '중앙여고', 306100847], [127.16910791, 35.82981818, '중앙여고', 306100843], [127.17050772, 35.82672858, '인후부영3차아파트', 306100798], [127.17066002, 35.82786676, '하인교마을', 306100815], [127.17090123, 35.82765841, '하인교마을', 306100811], [127.17344848, 35.82855924, '인교마을아중요양병원', 306100820], [127.17349211, 35.82884368, '인교마을아중요양병원', 306100825], [127.17474659, 35.83095074, '아중역.한옥레일바이크', 306100858]]",18,(인봉초교-306100810)-4대(인후아남아파트-306100784)-4대(인후아남아파트-306100780)-2대(아중대우아파트-306100913)-5대(아중대우아파트-306100926)-7대(인후부영6차아파트-306100801)-1대,23
127.04,35.88,[],0,,
127.13,35.86,"[[127.1264262, 35.86405704, '송천주공2단지(오송초교)', 306101318], [127.12708911, 35.86436962, '송천주공2단지', 306101320], [127.1272632, 35.86402015, '송천신일아파트', 306101317], [127.12890468, 35.86498574, '오송중.예비군훈련장', 306101325]]",4,(송천주공2단지-306101320)-13대(송천신일아파트-306101317)-8대,21
127.14,35.87,"[[127.1351696, 35.8696382, '분내마을', 306101384], [127.1355747, 35.8694636, '대송장례식장', 306101380], [127.1362082, 35.8702093, '분내', 312032260], [127.1378576, 35.8738667, '예정지', 305032435], [127.1381457, 35.8738496, '예정지', 305032436], [127.1415904, 35.8749265, '화정리', 306101438], [127.14196852, 35.86917679, '화정마을', 306101376], [127.14291558, 35.86866252, '화정마을', 306101374]]",8,(분내마을-306101384)-8대(대송장례식장-306101380)-3대,11
127.14,35.88,"[[127.1352186, 35.8768187, '자연초등학교', 305032405], [127.135295, 35.8770714, '자연초등학교', 305032400], [127.136044, 35.8756041, '에코자이2차', 305032404], [127.1373336, 35.8794515, '상중마을', 306101494], [127.1373362, 35.878888, '상중마을', 306101493], [127.1374362, 35.8763837, '에코데시앙네스트', 305032399], [127.13965306, 35.87593292, '초포초교', 306101455], [127.1400459, 35.8759587, '초포초교', 306101459], [127.1416561, 35.875107, '화정리', 306101441]]",9,(자연초등학교-305032400)-6대(에코자이2차-305032404)-9대(상중마을-306101493)-6대(초포초교-306101459)-7대,28
127.13,35.87,"[[127.12706103, 35.86617907, '송천현대아파트', 306101342], [127.12722076, 35.86810687, '송천주공아파트', 306101369], [127.12733436, 35.8662239, '송천현대아파트', 306101344], [127.1274581, 35.8709795, '에코시티상가', 305032429], [127.12751278, 35.86783705, '송천주공아파트', 306101363], [127.1277186, 35.8721074, '에코시티상가', 305032430], [127.12877523, 35.86522573, '오송중.예비군훈련장', 306101330], [127.1292427, 35.8731038, '에코더샵1차', 305032397], [127.1294301, 35.8732938, '에코데시앙4블럭', 305032402], [127.13057415, 35.86832555, '송천노인복지센터', 316132258], [127.13099155, 35.86863502, '송천노인복지센터', 312132259], [127.1337863, 35.8727121, '에코데시앙5블럭', 305032403], [127.1339642, 35.8725593, '에코휴먼빌', 305032398]]",13,(송천주공아파트-306101369)-11대(송천현대아파트-306101344)-13대(에코시티상가-305032429)-4대(에코시티상가-305032430)-3대(송천노인복지센터-312132259)-8대,39
127.12,35.87,"[[127.11694495, 35.86778567, '농수산시장 내', 306101357], [127.11700919, 35.86798443, '농수산시장 내', 306101364], [127.1175725, 35.8696339, '동부대로 농수산시장', 306101998], [127.1184873, 35.8699127, '동부대로 농수산시장', 306032307], [127.12129269, 35.86878898, '송천역네거리', 306032060], [127.1216536, 35.8674704, '송천역네거리', 306032061], [127.12181954, 35.86543274, '송천동성원무지개아파트', 306101333], [127.1236593, 35.8731559, '에코도시상가', 305032443], [127.124132, 35.8739237, '에코도시상가', 305032442]]",9,(농수산시장 내-306101357)-6대(동부대로 농수산시장-306101998)-16대(송천역네거리-306032060)-1대(송천역네거리-306032061)-10대(에코도시상가-305032442)-3대,36
127.11,35.87,"[[127.109252, 35.8697397, '송천동종점', 306032304], [127.1093354, 35.8699041, '송천동종점', 306032303], [127.1124312, 35.8699511, '메가월드', 306032306], [127.112454, 35.8698105, '메가월드', 305032314], [127.11327864, 35.87487833, '비행장', 306101437], [127.113504, 35.87492509, '비행장', 306101439], [127.11370259, 35.87312102, '용흥마을', 306101414], [127.11376208, 35.87323252, '용흥마을', 306101416], [127.11441981, 35.86671868, '송천롯데아파트', 306101349], [127.1146514, 35.86897, '농수산시장.메가박스', 306101382], [127.11470965, 35.8661518, '송천롯데아파트', 306101341], [127.1147953, 35.868984, '농수산시장.메가박스', 306101381], [127.1148112, 35.8714139, '발단마을', 306101403], [127.114969, 35.8713261, '발단마을', 306101395]]",14,(송천동종점-306032304)-33대(송천동종점-306032303)-33대(비행장-306101439)-5대(송천롯데아파트-306101341)-1대,72
127.08,35.86,"[[127.0774971, 35.8630929, '전주공고정문', 305032557], [127.0775973, 35.8629895, '전주공고정문', 305032558], [127.0824621, 35.8593694, '전북테크노파크', 305032336], [127.083705, 35.8589049, '전북테크노파크', 305032335]]",4,(전주공고정문-305032558)-4대(전북테크노파크-305032336)-1대,5
127.06,35.88,"[[127.0603283, 35.8758575, '서당마을경로당', 305032554], [127.0604231, 35.8757406, '서당마을경로당', 305032553], [127.0609162, 35.8783382, '월곡마을', 306101490], [127.0610968, 35.8783334, '월곡마을', 306101491], [127.0618512, 35.8759154, '서당리', 306101453]]",5,(서당마을경로당-305032554)-5대,5
127.17,35.82,"[[127.16794612, 35.82439205, '인후부영5차아파트', 306100753]]",1,,0
127.18,35.83,"[[127.17550641, 35.83041074, '아중역.한옥레일바이크', 306100854]]",1,(아중역.한옥레일바이크-306100854)-1대,1
127.2,35.82,[],0,,
127.16,35.84,"[[127.15521267, 35.84087789, '북일초교', 306101021], [127.15536026, 35.83675952, '안골', 306100972], [127.15619271, 35.838455, '인후1동주민센터', 306101002], [127.1571197, 35.83507037, '전주시민기록관', 306100944], [127.15819068, 35.83723305, '유일여고.쌍용아파트', 306100979], [127.15993797, 35.83723127, '유일여자고등학교', 306100980], [127.16224477, 35.83820735, '삼호아파트', 306100997], [127.16294574, 35.83802125, '기린아파트', 306100995], [127.16451237, 35.84490223, '우아럭키아파트', 306101075], [127.16456874, 35.83872307, '인후시립도서관', 306101006], [127.16463352, 35.84416667, '우아럭키아파트', 306101062], [127.16477152, 35.83842079, '인후시립도서관', 306101001], [127.1649914, 35.8351482, '고용노동부전주지청', 306100945]]",13,(안골-306100972)-17대(전주시민기록관-306100944)-6대(유일여자고등학교-306100980)-9대(인후시립도서관-306101006)-11대(고용노동부전주지청-306100945)-7대,50
127.15,35.86,"[[127.14890823, 35.86463135, '호성진흥더블파크', 306101322], [127.15036145, 35.86374311, '호성동주민센터', 306101310], [127.15073428, 35.86273498, '전주출입국외국인사무소', 306101294], [127.15102965, 35.85527563, '호성동엘지동아아파트', 306101209], [127.15195548, 35.85784878, '호성주공', 306101239], [127.15339778, 35.85813228, '호성주공', 306101244], [127.15352754, 35.86045947, '호성동아아파트', 306101279], [127.15374443, 35.85959779, '호성동아아파트', 306101264], [127.153752, 35.8585547, '호성유원아파트', 305032365]]",9,(호성동주민센터-306101310)-24대(호성동엘지동아아파트-306101209)-8대(호성주공-306101239)-1대(호성동아아파트-306101264)-15대,48
127.15,35.85,"[[127.1477652, 35.8453963, '건지산이지움', 305032375], [127.14966739, 35.84549391, '새마을금고.한국국토정보공사', 306101081], [127.15111712, 35.84642572, '한국장애인고용공단전북지사', 306101088], [127.15149007, 35.85489152, '호성동엘지동아아파트', 306101200], [127.15183148, 35.84867803, '청년회의소', 306101099], [127.15223482, 35.84868639, '청년회의소', 306101100], [127.15287844, 35.84548171, '명주골네거리.대자인병원', 306101080], [127.15317879, 35.84573059, '명주골네거리.대자인병원', 306101085], [127.15363551, 35.85333135, '호성로 우아중', 306101165], [127.1537574, 35.85354332, '호성로 우아중', 306101168], [127.15453607, 35.85354059, '우아중', 306101167]]",11,(새마을금고.한국국토정보공사-306101081)-17대(한국장애인고용공단전북지사-306101088)-16대(호성동엘지동아아파트-306101200)-8대(청년회의소-306101099)-8대(청년회의소-306101100)-2대(명주골네거리.대자인병원-306101080)-24대(명주골네거리.대자인병원-306101085)-25대,100
127.16,35.86,"[[127.1552294, 35.85815573, '호성동신아파트', 306101245], [127.15564844, 35.85520293, '우아우성아파트', 306101208], [127.15565437, 35.85831731, '호성동신아파트', 306101247], [127.15807529, 35.85873009, '기린원', 306101252], [127.15825599, 35.85863599, '기린원', 306101251], [127.15972862, 35.86262591, '호성중', 306101293], [127.16008806, 35.86282692, '호성중', 306101296]]",7,(호성동신아파트-306101245)-16대(우아우성아파트-306101208)-8대(기린원-306101251)-7대,31
127.16,35.83,"[[127.15505288, 35.83345252, '기린네거리', 306100910], [127.15641016, 35.83465968, '도매다리', 306100931], [127.1565985, 35.83462885, '도매다리', 306100930], [127.15724898, 35.82982541, '화약골', 306100844], [127.15724898, 35.83007349, '화약골', 306100846], [127.15755178, 35.83497116, '전주시민기록관', 306100938], [127.15824254, 35.83217988, '화평', 306100881], [127.15827337, 35.8330179, '화평', 306100899], [127.15884669, 35.83349292, '기린초교', 306100908], [127.15906367, 35.83379185, '기린초교', 306100917], [127.16264539, 35.83293721, '인후초교', 306100894], [127.1628757, 35.83299303, '인후초교', 306100897], [127.16312986, 35.82516776, '마당재', 306132051], [127.16363233, 35.830003, '인후부영2차아파트', 306100845], [127.16430729, 35.82924961, '인후부영2차아파트', 306100836], [127.16497601, 35.83496455, '고용노동부전주지청', 306100937]]",16,(도매다리-306100931)-16대(도매다리-306100930)-14대(화약골-306100844)-2대(화약골-306100846)-1대(전주시민기록관-306100938)-6대(기린초교-306100908)-8대(기린초교-306100917)-2대(인후초교-306100894)-2대(인후초교-306100897)-2대,53
127.15,35.83,"[[127.14549767, 35.83305726, '모래내시장', 306100900], [127.14637385, 35.82651832, '전주농협', 306100792], [127.1465455, 35.82578923, '대우빌딩', 306100781], [127.15167961, 35.83321244, '인후6거리', 306100904], [127.15184677, 35.83310547, '인후6거리', 306100896], [127.15365306, 35.82708046, '기자촌입구.한옥마을서해그랑블', 305100804], [127.15396039, 35.82899531, '서낭당', 305100829], [127.15423527, 35.82905338, '서낭당', 305100831], [127.15429251, 35.82776073, '기자촌입구.한옥마을서해그랑블', 305100814], [127.15461162, 35.83331422, '기린네거리', 306100902]]",10,(모래내시장-306100900)-52대(전주농협-306100792)-10대(대우빌딩-306100781)-22대(인후6거리-306100904)-18대(인후6거리-306100896)-2대(서낭당-305100829)-1대(서낭당-305100831)-2대,107
127.06,35.85,"[[127.0616009, 35.8459396, '혁신이노팰리스', 305032327], [127.0617583, 35.8454984, '혁신이노팰리스', 305032321], [127.06200484, 35.84882038, '장동초교', 306101102], [127.06223506, 35.84870992, '장동초교', 306101098], [127.0625166, 35.85077956, '생물산업진흥원', 306101133], [127.06270001, 35.8505926, '생물산업진흥원', 306101131]]",6,(혁신이노팰리스-305032327)-7대(혁신이노팰리스-305032321)-3대(장동초교-306101098)-3대,13
127.06,35.84,"[[127.06108976, 35.83842258, '대방빌딩', 312032177], [127.06115383, 35.83862137, '호반더센트럴', 312032178], [127.06300164, 35.84380798, '호반2차아파트', 306032154], [127.06310675, 35.83863535, '한국출판문화산업진흥원', 305032297], [127.06315462, 35.83832929, '한국출판문화산업진흥원', 305032298], [127.06347119, 35.84341507, '호반2차아파트', 306032153], [127.0639841, 35.8406576, '호반2차정문', 305032466], [127.06446596, 35.83694249, '혁신호반1차아파트', 312032094], [127.06468753, 35.83692619, '만성초등학교', 312032093]]",9,(호반더센트럴-312032178)-5대(호반2차아파트-306032154)-4대(한국출판문화산업진흥원-305032298)-5대(호반2차아파트-306032153)-6대(혁신호반1차아파트-312032094)-1대,21
127.13,35.88,"[[127.1262834, 35.8757968, '송천정보학교', 306101413], [127.127112, 35.8762709, '송천정보학교', 306101419], [127.12843519, 35.88364057, '백석제', 306101524], [127.12869961, 35.88356675, '백석제', 306101523], [127.1305983, 35.8793652, '에코스위첸', 305032401], [127.130655, 35.8790768, '에코스위첸', 305032406], [127.1326558, 35.8788305, '세병호입구', 305032529], [127.1337937, 35.8783246, '에코더샵2차', 305032528], [127.13467161, 35.88306647, '오매마을', 306101518], [127.13481216, 35.88317201, '오매마을', 306101521]]",10,(송천정보학교-306101413)-4대(백석제-306101524)-2대(에코스위첸-305032401)-2대(세병호입구-305032529)-4대(오매마을-306101518)-6대(오매마을-306101521)-6대,24
127.11,35.88,"[[127.1092948, 35.8829105, '미산초교', 306101519], [127.10936072, 35.88305057, '미산초교', 306101516], [127.109426, 35.8832535, '미산초교', 306101517], [127.10978066, 35.8829579, '미산초교', 306101515], [127.11083806, 35.87544492, '환경사업소', 306101445], [127.11102577, 35.87531233, '환경사업소', 306101443], [127.1126074, 35.8779065, '월곡마을앞', 306101476], [127.11285933, 35.87772333, '월곡마을앞', 306101480]]",8,(미산초교-306101516)-5대(미산초교-306101515)-3대(환경사업소-306101445)-5대,13
127.1,35.89,"[[127.096852, 35.88847097, '진기마을', 306101559], [127.09685722, 35.88856377, '진기마을', 306101560], [127.1023599, 35.8925611, '신미산', 306101601], [127.10247, 35.8926876, '신미산', 306101602], [127.1046424, 35.8892146, '주정마을', 305032396], [127.1046635, 35.8894311, '주정마을', 306101563], [127.1047367, 35.8891924, '주정마을', 305032395], [127.1048018, 35.8894721, '주정마을', 306101564]]",8,(신미산-306101601)-5대(신미산-306101602)-5대(주정마을-305032395)-1대,11
127.06,35.83,"[[127.06056845, 35.82540047, '국립축산과학원', 305032288], [127.06261063, 35.82678639, '국립축산과학원', 305032289], [127.0626299, 35.8333866, '우미린1차아파트', 312032825], [127.0629297, 35.8332254, '우미린1차아파트', 312032824]]",4,(우미린1차아파트-312032825)-2대,2
127.13,35.82,"[[127.13220763, 35.8244614, '어은골', 306100757], [127.13255888, 35.8244905, '어은골', 305100758]]",2,(어은골-306100757)-3대,3
127.1,35.86,"[[127.09646779, 35.85805152, '휴비스전주공장', 306101243], [127.09646937, 35.85843146, '휴비스전주공장', 306101248], [127.10059332, 35.85588544, '팔복예술공장', 306101215], [127.1007816, 35.8562058, '팔복예술공장.동명기계', 306101231], [127.10129843, 35.86347067, '팔복예술공장.연탄공장', 306101304], [127.10145969, 35.86348636, '연탄공장', 306101305], [127.10355762, 35.85957322, '야전리', 306101261], [127.10386819, 35.85667894, '호남고속', 306101228], [127.10456989, 35.85885709, '야전리.유니온시티', 306101254], [127.10457561, 35.85689522, '호남고속', 306101232]]",10,(휴비스전주공장-306101243)-20대(휴비스전주공장-306101248)-19대(연탄공장-306101305)-1대(야전리-306101261)-1대,41
127.09,35.86,"[[127.08507649, 35.86358541, '도시첨단산업단지', 306101306], [127.0852655, 35.86308036, '도시첨단산업단지', 306101299], [127.0866481, 35.8584192, '상용화기술센터', 305032333], [127.0871226, 35.8587544, '상용화기술센터', 305032334], [127.09252754, 35.85976063, '기린대로경제통상진흥원', 306101265], [127.09288621, 35.86015131, '기린대로경제통상진흥원', 306101272]]",6,(도시첨단산업단지-306101306)-19대(도시첨단산업단지-306101299)-20대,39
127.1,35.84,"[[127.09645064, 35.84168682, '덕촌', 306101037], [127.09679973, 35.84196812, '덕촌', 306101040], [127.09828902, 35.83590776, '서곡마을', 312102004], [127.09846544, 35.83574861, '서곡마을', 305100951], [127.09981619, 35.83789306, '서곡광장', 305100987], [127.10229825, 35.83844825, '전주세무서.한국환경공단', 305100998], [127.10266344, 35.83775456, '전주세무서.한국환경공단', 305100988]]",7,(덕촌-306101037)-6대(덕촌-306101040)-5대(서곡마을-312102004)-4대(서곡마을-305100951)-4대,19
127.16,35.87,"[[127.15812863, 35.87126792, '초포삼거리', 306101406], [127.15838306, 35.87143892, '초포삼거리', 306101408], [127.15956161, 35.87375247, '소양교', 312101422], [127.15962099, 35.86891125, '배미실새터', 306101375], [127.15973188, 35.86917369, '배미실새터', 306101377], [127.1597444, 35.8738314, '소양교', 312101424], [127.16027593, 35.86564054, '전북자동차학원', 306101335], [127.16047943, 35.8656265, '전북자동차학원', 306101334], [127.16351897, 35.87069764, '금성자동차학원', 312101394], [127.16381439, 35.87077149, '금성자동차학원', 312101397], [127.16464154, 35.86818835, '구억마을', 312101370], [127.16480495, 35.86822038, '구억마을', 312101371]]",12,(초포삼거리-306101406)-7대(소양교-312101422)-1대(배미실새터-306101377)-7대(소양교-312101424)-2대(구억마을-312101371)-1대,18
127.15,35.89,"[[127.14874546, 35.88534224, '한사월마을', 306101540], [127.14895151, 35.88556311, '한사월마을', 306101542], [127.14988079, 35.89159646, '용두사', 312101585], [127.15001596, 35.89168873, '용두사', 312101587], [127.15179911, 35.88824877, '운교', 312032247]]",5,(한사월마을-306101540)-4대(용두사-312101587)-1대(운교-312032247)-1대,6
127.14,35.89,"[[127.1424505, 35.89488999, '신중마을', 306101609]]",1,(신중마을-306101609)-4대,4
127.15,35.82,"[[127.14507178, 35.81819855, '충경로 객사', 305100649], [127.14542022, 35.81798392, '충경로 객사', 305100648], [127.14596591, 35.82067316, '북문', 305100694], [127.14597309, 35.81548195, '전라감영.완산경찰서', 305100619], [127.14605365, 35.8209676, '전북은행경원지점', 305100701], [127.14640711, 35.8199967, 'CTS전북방송', 305100683], [127.14647881, 35.81950149, '외환은행', 305100675], [127.14684003, 35.81917719, '흥국화재', 305100666], [127.14699101, 35.81594824, '전라감영.완산경찰서', 305100628], [127.14730145, 35.81708281, '팔달로 예술회관', 305100645], [127.14748975, 35.81706612, '팔달로 예술회관', 305100643], [127.14790878, 35.81872473, '충경로KT전주지사', 305100657], [127.14844268, 35.82471365, '전주시청.노송동시외버스정류소', 306100761], [127.14967928, 35.82307474, '전주시청.노송동시외버스정류소', 306100731], [127.15058311, 35.81983521, '동부시장', 305100681], [127.15085875, 35.81964957, '동부시장', 305100677], [127.15214193, 35.82102609, '기린대로 병무청', 305100703], [127.15240164, 35.82134554, '기린대로 병무청', 305100704], [127.1525654, 35.8242705, '전주고등학교', 305100748], [127.15292865, 35.82425445, '전주고등학교', 305100747], [127.1544723, 35.8155723, '오목대.한옥마을', 305100616], [127.15447909, 35.8232333, '전주제일고 입구', 305100733], [127.15488388, 35.8162542, '오목대.한옥마을', 305100634]]",23,(충경로 객사-305100649)-22대(충경로 객사-305100648)-22대(외환은행-305100675)-26대(흥국화재-305100666)-24대(전라감영.완산경찰서-305100628)-17대(팔달로 예술회관-305100645)-40대(팔달로 예술회관-305100643)-32대(전주시청.노송동시외버스정류소-306100761)-20대(동부시장-305100681)-2대(동부시장-305100677)-7대(기린대로 병무청-305100703)-3대(기린대로 병무청-305100704)-2대,217
127.15,35.81,"[[127.14575373, 35.8113473, '매곡교.시립도서관', 305100559], [127.14712199, 35.81349842, '풍남문', 305100589], [127.14743749, 35.81106397, '전주시립완산도서관', 305100555], [127.14816867, 35.81459568, '전동성당.한옥마을', 305100601], [127.14835688, 35.81462071, '전동성당.한옥마을', 305100602], [127.1488857, 35.81273721, '남부시장', 305100573], [127.14952214, 35.80600343, '공수내다리', 305100511], [127.14953021, 35.80524638, '공수내다리', 305100497], [127.1495396, 35.8080187, '서학동예술마을', 305032533], [127.14973099, 35.81132263, '남부시장', 305100558], [127.1498173, 35.8078031, '서학동예술마을', 305032532], [127.15111451, 35.80529839, '흑석골입구', 312032244], [127.1512547, 35.810165, '전주천.서학예술마을', 305032505], [127.1513001, 35.8099217, '전주천.서학예술마을', 305032372], [127.15251646, 35.80588599, '거산황궁아파트', 305102022], [127.1532378, 35.808757, '교육대학교', 305032460], [127.15334569, 35.80901653, '교육대학교', 305102019], [127.1537176, 35.8065891, '동서학거산황궁아파트', 305032461], [127.15377155, 35.80678798, '동서학거산황궁아파트', 305102021], [127.15401613, 35.81048588, '교육대학교', 305102014], [127.15403064, 35.81016151, '교육대학교전주천서로', 305032304], [127.15417537, 35.80943558, '서학로교육대학교', 305100546]]",22,(매곡교.시립도서관-305100559)-35대(풍남문-305100589)-24대(전동성당.한옥마을-305100601)-78대(남부시장-305100558)-62대(동서학거산황궁아파트-305102021)-1대,200
127.16,35.81,"[[127.1564333, 35.80516956, '남고사', 305100496], [127.15651334, 35.8135075, '한벽루자만벽화마을', 305100585], [127.15656379, 35.80508917, '남고사', 305100495], [127.15712386, 35.81372132, '한벽루 자만벽화마을', 305100590], [127.15718728, 35.81075971, '국립무형유산원', 305102012], [127.1578615, 35.8066136, '남고사아파트입구', 305032531], [127.15791314, 35.80751107, '남고사입구', 305100018], [127.1579338, 35.8065327, '남고사아파트입구', 305032530], [127.15795883, 35.80737619, '남고사입구', 305102023], [127.1581505, 35.8091633, '국립무형유산원', 305100543], [127.15871713, 35.81064505, '국립무형유산원', 305032305], [127.1614387, 35.80870671, '좁은목', 305100017], [127.16164626, 35.80896053, '좁은목', 305100534], [127.16223517, 35.80965565, '승암마을', 305320355], [127.1624255, 35.8083126, '승암마을', 305032464], [127.16275921, 35.80581119, '풍남정', 305100506], [127.16314232, 35.81418114, '낙수정', 305100596], [127.16328644, 35.81430964, '낙수정', 305100597], [127.1635346, 35.8088341, '승암교', 305032634], [127.1636342, 35.8088344, '승암교', 305032635], [127.1642594, 35.806253, '치명자산', 305032633], [127.1643478, 35.8062938, '치명자산', 305032632]]",22,(한벽루자만벽화마을-305100585)-4대(남고사-305100495)-1대(국립무형유산원-305102012)-3대(남고사입구-305100018)-2대(좁은목-305100534)-6대(승암마을-305320355)-2대(승암마을-305032464)-1대(승암교-305032634)-1대,20
127.18,35.79,"[[127.1781448, 35.7949504, '대성경로당', 305032616], [127.1782332, 35.7949777, '대성경로당', 305032615], [127.1786263, 35.7888747, '고덕마을', 305032639], [127.178698, 35.7889245, '고덕마을', 305032638]]",4,(대성경로당-305032616)-3대,3
127.17,35.8,"[[127.16579219, 35.80195293, '약수터주유소', 305100461], [127.1682826, 35.8036179, '사대마을', 305032611], [127.1683495, 35.8035009, '사대마을', 305032612], [127.1690185, 35.8004534, '대성동종점', 305032457], [127.1704143, 35.8001237, '전주한옥마을대성공영주차장입구', 305032459], [127.170514, 35.8003755, '전주한옥마을대성공영주차장', 305032636], [127.1706414, 35.8003443, '전주한옥마을대성공영주차장', 305032637], [127.1709038, 35.80074242, '대성동도로교통공단', 305100445], [127.1709477, 35.8009501, '대성동도로교통공단', 305100450], [127.1710162, 35.7966757, '대성참조은아파트', 305032620], [127.1711048, 35.7966715, '대성참조은아파트', 305032619]]",11,(사대마을-305032611)-1대(전주한옥마을대성공영주차장입구-305032459)-2대(전주한옥마을대성공영주차장-305032637)-3대(대성동도로교통공단-305100450)-4대,10
127.18,35.8,"[[127.1785096, 35.7978005, '전주대성초교', 305032613], [127.1785705, 35.7977781, '전주대성초교', 305032614], [127.17858018, 35.7992667, '영동고덕아파트', 305100428], [127.1790142, 35.79894044, '영동고덕아파트', 305100425]]",4,(전주대성초교-305032614)-3대(영동고덕아파트-305100428)-4대(영동고덕아파트-305100425)-4대,11
127.17,35.79,"[[127.1709966, 35.7933802, '내원당마을', 305032617], [127.1710523, 35.7933083, '내원당마을', 305032618]]",2,(내원당마을-305032617)-3대,3
127.12,35.79,"[[127.11513899, 35.78525317, '장교리', 305100296], [127.11515982, 35.78541717, '장교리', 305100298], [127.1167361, 35.79420696, '삼천흥건1차아파트', 305100356], [127.1167769, 35.7910757, '삼천대왕장미아파트', 305100331], [127.11696879, 35.78977178, '삼천대왕장미아파트', 305100322], [127.11700898, 35.79404556, '삼천흥건1차아파트', 305100354], [127.11766906, 35.79268095, '한솔재활요양병원', 305100339], [127.11795448, 35.79232349, '한솔재활요양병원', 305100337], [127.12222405, 35.79336774, '평화동신아파트', 305100346], [127.12253462, 35.79306214, '평화동신아파트', 305100344], [127.12415305, 35.79380545, '양지중학교', 305100351]]",11,(장교리-305100296)-1대(삼천흥건1차아파트-305100356)-9대(삼천대왕장미아파트-305100322)-3대(삼천흥건1차아파트-305100354)-9대(한솔재활요양병원-305100339)-2대(한솔재활요양병원-305100337)-2대(평화동신아파트-305100346)-2대,28
127.11,35.8,"[[127.1053963, 35.7985881, '효천초등학교', 305032500], [127.1060015, 35.7970393, '효천대방노블랜드', 305032497], [127.1060108, 35.799654, '효천우미린2차아파트', 305032501], [127.1062659, 35.7972926, '효천리버클래스아파트', 305032498], [127.1062751, 35.7999073, '효천우미린2차아파트', 305032502], [127.10781288, 35.8045452, '우전초교', 305100488], [127.10791283, 35.8041452, '우전초교', 305100485], [127.1100579, 35.79612532, '삼천주공6단지', 305100382], [127.11042711, 35.79612176, '삼천주공6단지', 305100381], [127.1108342, 35.79859981, '삼천호반리젠시빌', 305100412], [127.11104403, 35.79881381, '삼천호반리젠시빌', 305100422], [127.11441806, 35.79854192, '삼천신일강변아파트', 305100408], [127.11443671, 35.79877093, '삼천신일강변아파트', 305100421]]",13,(효천초등학교-305032500)-8대(효천대방노블랜드-305032497)-2대(효천우미린2차아파트-305032501)-8대(효천리버클래스아파트-305032498)-2대(우전초교-305100488)-22대(삼천주공6단지-305100382)-2대,44
127.08,35.79,"[[127.07809245, 35.79410851, '장동마을', 305100355], [127.07815096, 35.79428451, '장동마을', 305100357], [127.08131838, 35.79004903, '호동마을', 305132100], [127.08149515, 35.79006841, '호동마을', 305132101], [127.08213044, 35.79489938, '월선마을', 305100370], [127.08220153, 35.79476525, '월선마을', 305100368], [127.08284165, 35.79418865, '호동마을입구', 305132099], [127.0829366, 35.7926247, '육육걸즈', 305032378], [127.0829759, 35.7925302, '육육걸즈', 305032377]]",9,(장동마을-305100355)-6대(호동마을-305132100)-2대(호동마을-305132101)-2대,10
127.13,35.79,"[[127.12543154, 35.79369866, '양지중학교', 305100350], [127.1262537, 35.79492566, '삼천우성그린아파트', 305100372], [127.12963818, 35.78581599, '평화동도미소드림아파트', 305100302], [127.130503, 35.78842983, '평화삼성강남아파트', 305100315], [127.13073783, 35.78844676, '평화삼성강남아파트', 305100314], [127.13127818, 35.79083606, '주공4단지.꽃밭정이아파트', 305100330], [127.13145713, 35.78727976, '평화현대아파트입구', 305100311], [127.13177488, 35.79175305, '주공4단지.꽃밭정이아파트', 305100335], [127.13218022, 35.7944849, '평화코오롱아파트', 305100362], [127.13225296, 35.79356814, '평화코오롱아파트', 305100348], [127.13386055, 35.78571506, '평화그린2차아파트', 305100301], [127.13413445, 35.78558901, '평화그린2차아파트', 305100300]]",12,(평화동도미소드림아파트-305100302)-45대(평화삼성강남아파트-305100315)-50대(평화삼성강남아파트-305100314)-7대(주공4단지.꽃밭정이아파트-305100330)-9대(평화그린2차아파트-305100301)-2대(평화그린2차아파트-305100300)-2대,115
127.1,35.79,"[[127.10455327, 35.78653669, '해성중고', 305100308], [127.1047217, 35.78632728, '해성중고', 305100304]]",2,(해성중고-305100308)-4대,4
127.1,35.78,"[[127.1038062, 35.78295686, '정동마을', 305100290], [127.10393777, 35.78315647, '정동마을', 305100291]]",2,(정동마을-305100290)-4대,4
127.11,35.79,"[[127.10530265, 35.79029564, '신성양노원', 305100324], [127.10549663, 35.79027947, '신성양노원', 305100323], [127.10642417, 35.79272062, '용산리', 305100340], [127.10647859, 35.79290885, '용산리', 305100342], [127.106636, 35.794048, '농협공판장교차로', 305032496], [127.1069705, 35.7935442, '농협공판장교차로', 305032495], [127.108403, 35.7943477, '함대루.농협공판장', 305032527], [127.1085865, 35.7930274, '농협공판장', 305032674], [127.1105547, 35.7922449, '농협공판장', 305100343], [127.1108547, 35.7931159, '세내로농협공판장', 305032526], [127.11135077, 35.78552135, '삼천교', 305100299], [127.11211609, 35.79362485, '용흥초등학교', 305100349], [127.11226001, 35.7939262, '용흥초등학교', 305100352], [127.11251691, 35.78529694, '삼천교', 305100297], [127.11423809, 35.79261956, '삼천주공4.5단지', 305100338], [127.11495585, 35.79235161, '삼천주공4.5단지', 305100336]]",16,(신성양노원-305100324)-4대(신성양노원-305100323)-4대(농협공판장교차로-305032496)-3대(농협공판장교차로-305032495)-3대(삼천교-305100299)-1대(용흥초등학교-305100352)-1대(삼천교-305100297)-1대,17
127.09,35.78,[],0,,
127.08,35.8,"[[127.07642386, 35.80146549, '성예요양원', 305100455], [127.07647057, 35.80152554, '성예요양원', 305100458], [127.07863762, 35.799931, '안산마을', 305100436], [127.07866625, 35.79999923, '안산마을', 305100440], [127.0795712, 35.8016922, '삼천동종점', 305032325], [127.0796587, 35.8018819, '삼천동종점', 305032320], [127.08008306, 35.80119547, '안산마을', 312032092], [127.08025861, 35.80132299, '안산마을', 305132091], [127.08114331, 35.79867294, '신흥리', 305100413], [127.08117852, 35.79873672, '신흥리', 305100416], [127.0829305, 35.7982481, '신흥리', 312032090], [127.0830408, 35.7983161, '신흥리', 312032085]]",12,(성예요양원-305100455)-1대(성예요양원-305100458)-2대(삼천동종점-305032325)-10대(삼천동종점-305032320)-8대,21
127.11,35.83,"[[127.10574482, 35.82730591, '서부신시가지아이파크', 305100805], [127.10620049, 35.82747521, '서부신시가지아이파크', 305100809], [127.10831305, 35.82539224, '호반베르디움아파트', 305100778], [127.10836797, 35.8252457, '호반베르디움아파트', 305100769], [127.10994674, 35.8337847, '서신광진산업아파트', 305100916], [127.1110082, 35.83411478, '서신광진산업아파트', 305100920], [127.11198306, 35.83289774, '서신신일아파트', 305100891], [127.11231278, 35.83276897, '서신신일아파트', 305100889], [127.1135736, 35.8323177, '서신제일비사벌아파트', 305100885], [127.11370662, 35.83203405, '서신제일비사벌아파트', 305100878], [127.11496336, 35.82548646, '마전교.본병원', 305100779]]",11,(서부신시가지아이파크-305100805)-3대(서부신시가지아이파크-305100809)-3대(호반베르디움아파트-305100778)-4대(호반베르디움아파트-305100769)-2대(서신광진산업아파트-305100916)-9대(서신광진산업아파트-305100920)-8대,29
127.13,35.77,[],0,,
127.13,35.76,[],0,,
127.08,35.77,[],0,,
127.1,35.76,[],0,,
127.09,35.76,[],0,,
127.1,35.77,[],0,,
127.12,35.82,"[[127.11584018, 35.82375513, '하늘채아파트', 305100738], [127.11607978, 35.82461453, '현대에코르아파트', 305100759], [127.11609981, 35.81996786, '중화산2동주민센터', 305100709], [127.11622123, 35.8199958, '중화산2동주민센터', 305100710], [127.11795216, 35.82300677, '현대에코르아파트후문', 305100730], [127.11804018, 35.81934559, '한들초교', 305100668], [127.1180911, 35.8160768, '중산타운', 305100629], [127.11815648, 35.82327219, '현대에코르아파트후문', 305100732], [127.11834471, 35.81952348, '한들초교', 305100671], [127.11849828, 35.81580167, '중산타운', 305100626], [127.1224763, 35.8242611, '백제대로중산공원', 305100746], [127.12257289, 35.81981826, '화산체육관.전주시립도서관꽃심', 305100680], [127.12264333, 35.81698235, '근영여고', 305100642], [127.12313503, 35.82091815, '화산체육관.전주시립도서관꽃심', 305100697], [127.12326236, 35.81746507, '근영여고', 305100647]]",15,(하늘채아파트-305100738)-3대(현대에코르아파트-305100759)-2대(현대에코르아파트후문-305100730)-2대(현대에코르아파트후문-305100732)-2대(백제대로중산공원-305100746)-7대(화산체육관.전주시립도서관꽃심-305100697)-5대,21
127.14,35.79,"[[127.13504322, 35.7885224, '평화동신성마을', 305100318], [127.13532586, 35.78849548, '평화동신성마을', 305100316], [127.1356314, 35.79047373, '신성초교 평화보건지소', 305100325], [127.13617225, 35.79132522, '평화우체국 평화보건지소', 305100333], [127.1363076, 35.7931216, '평화코오롱아파트후문', 305032437]]",5,(평화동신성마을-305100316)-2대(평화코오롱아파트후문-305032437)-2대,4
127.13,35.78,"[[127.12989151, 35.78420796, '평화골드클래스.그린1차아파트', 305100292], [127.12998758, 35.78420517, '평화그린1차아파트', 305100293]]",2,(평화그린1차아파트-305100293)-54대,54
127.14,35.78,[],0,,
