전월세구분,dong,도로명,계약면적(㎡),계약년월,계약일,보증금(만원),월세(만원),건축년도,loc,x,y,번지,번지.1,번지.1.1,번지.1.1.1,번지.1.1.1.1,번지.1.1.1.1.1,번지.1.1.1.1.1.1,번지
월세,고랑동,여산로,90.0,202012.0,4.0,12500.0,20.0,2013.0,전북 전주시 고랑동 여산로,127.084249626,35.873475859,1,1,1,1,1,1,1,1
월세,고랑동,쪽구름5길,33.0,202010.0,6.0,300.0,25.0,2014.0,전북 전주시 고랑동 쪽구름5길,127.07695085200001,35.876593435,1,1,1,1,1,1,1,1
월세,금암동,거북바우3길,58.59,202011.0,16.0,7000.0,15.0,,전북 전주시 금암동 거북바우3길,127.138519646,35.837836218,1,1,1,1,1,1,1,1
월세,금암동,거북바우로,70.31,202006.0,5.0,2500.0,15.0,1991.0,전북 전주시 금암동 거북바우로,127.143071245,35.838567039000004,1,1,1,1,1,1,1,1
월세,금암동,건산로,125.61,202103.0,1.0,1000.0,20.0,,전북 전주시 금암동 건산로,127.138352552,35.833160563,1,1,1,1,1,1,1,1
월세,금암동,건지1길,54.325,202010.5,10.5,1650.0,47.5,2015.5,전북 전주시 금암동 건지1길,127.140016885,35.843800342,2,2,2,2,2,2,2,2
월세,금암동,건지2길,26.59666667,202039.6667,19.33333333,2166.666667,19.33333333,2007.0,전북 전주시 금암동 건지2길,127.141427075,35.844227176,3,3,3,3,3,3,3,3
월세,금암동,건지로,30.35,202078.75,22.75,775.0,32.75,2013.75,전북 전주시 금암동 건지로,127.140425008,35.847715016,4,4,4,4,4,4,4,4
월세,금암동,권삼득로,33.48871795,202044.5128,15.1025641,1912.820513,28.53846154,2014.322581,전북 전주시 금암동 권삼득로,127.138785089,35.833575944,39,39,39,39,39,39,39,39
월세,금암동,금암1길,30.78142857,202049.5714,10.28571429,1600.0,31.42857143,2017.8,전북 전주시 금암동 금암1길,127.13377712399999,35.840070694,7,7,7,7,7,7,7,7
월세,금암동,금암2길,32.8,202101.6,17.8,400.0,39.0,2014.75,전북 전주시 금암동 금암2길,127.13431261,35.840350763000004,5,5,5,5,5,5,5,5
월세,금암동,금암3길,50.45466667,202076.6667,18.13333333,1386.666667,39.66666667,2011.266667,전북 전주시 금암동 금암3길,127.13792837,35.841436011999996,15,15,15,15,15,15,15,15
월세,금암동,금암4길,35.39625,202068.125,15.875,2262.5,31.625,2015.285714,전북 전주시 금암동 금암4길,127.129037668,35.837816116,8,8,8,8,8,8,8,8
월세,금암동,금암5길,33.80714286,202041.8571,21.21428571,1621.4285710000001,27.78571429,2012.2222219999999,전북 전주시 금암동 금암5길,127.13686151899999,35.83868234,14,14,14,14,14,14,14,14
월세,금암동,금암6길,34.415,202078.5,14.0,2575.0,31.25,2018.0,전북 전주시 금암동 금암6길,127.13573840299999,35.837914298,4,4,4,4,4,4,4,4
월세,금암동,기린대로,36.63625,202040.625,16.04166667,1454.583333,34.20833333,2012.2,전북 전주시 금암동 기린대로,127.13312199200001,35.837431476999996,24,24,24,24,24,24,24,24
월세,금암동,떡전1길,37.175,202055.1667,17.0,6250.0,10.5,,전북 전주시 금암동 떡전1길,127.127058222,35.835040950999996,6,6,6,6,6,6,6,6
월세,금암동,떡전3길,37.72857143,202022.8571,16.42857143,2085.714286,33.14285714,2017.0,전북 전주시 금암동 떡전3길,127.12791742700001,35.837564115,7,7,7,7,7,7,7,7
월세,금암동,떡전4길,34.64882353,202041.2353,15.17647059,2182.352941,27.94117647,2012.125,전북 전주시 금암동 떡전4길,127.129037668,35.837816116,17,17,17,17,17,17,17,17
월세,금암동,떡전5길,163.96,202008.5,15.5,6500.0,37.5,2012.0,전북 전주시 금암동 떡전5길,127.12999742,35.838612672,2,2,2,2,2,2,2,2
월세,금암동,떡전로,50.65833333,202024.3333,18.16666667,2616.666667,30.0,2006.0,전북 전주시 금암동 떡전로,127.12767110600001,35.835631446,6,6,6,6,6,6,6,6
월세,금암동,매봉11길,29.88,202012.0,9.0,300.0,17.0,1987.0,전북 전주시 금암동 매봉11길,127.142610789,35.840082279,1,1,1,1,1,1,1,1
월세,금암동,매봉15길,45.295,202056.5,15.5,200.0,26.5,2015.5,전북 전주시 금암동 매봉15길,127.14215059,35.838986452,2,2,2,2,2,2,2,2
월세,금암동,매봉16길,38.27666667,202072.0,17.66666667,1600.0,34.66666667,2015.0,전북 전주시 금암동 매봉16길,127.140849665,35.838477265,3,3,3,3,3,3,3,3
월세,금암동,매봉1길,29.16666667,202050.3889,16.77777778,777.7777778,32.83333333,2003.7777780000001,전북 전주시 금암동 매봉1길,127.141464586,35.842383584000004,18,18,18,18,18,18,18,18
월세,금암동,매봉2길,28.33333333,202071.0,18.66666667,1900.0,25.33333333,1998.6666670000002,전북 전주시 금암동 매봉2길,127.14045611700001,35.841961397,3,3,3,3,3,3,3,3
월세,금암동,매봉3길,33.0,202053.5,20.5,600.0,32.0,2017.5,전북 전주시 금암동 매봉3길,127.14183562,35.842197327,2,2,2,2,2,2,2,2
월세,금암동,매봉4길,17.0,202004.0,18.0,200.0,20.0,,전북 전주시 금암동 매봉4길,127.13991995,35.841929836999995,1,1,1,1,1,1,1,1
월세,금암동,매봉6길,44.4,202045.0,11.4,4300.0,29.6,2008.0,전북 전주시 금암동 매봉6길,127.140781944,35.841092517,5,5,5,5,5,5,5,5
월세,금암동,매봉7길,77.81,202006.0,15.0,2000.0,25.0,1997.0,전북 전주시 금암동 매봉7길,127.142193618,35.841018573,1,1,1,1,1,1,1,1
월세,금암동,매봉8길,55.51,202055.5,17.0,3250.0,17.5,2012.0,전북 전주시 금암동 매봉8길,127.14021404399999,35.84062367,2,2,2,2,2,2,2,2
월세,금암동,매봉로,45.0,202102.0,14.0,300.0,35.0,2010.0,전북 전주시 금암동 매봉로,127.142075725,35.839132824,1,1,1,1,1,1,1,1
월세,금암동,명륜1길,27.48,202026.4,17.4,220.0,36.0,2019.0,전북 전주시 금암동 명륜1길,127.12954966,35.840607856,5,5,5,5,5,5,5,5
월세,금암동,명륜2길,22.5,202102.5,5.0,1100.0,25.0,2009.0,전북 전주시 금암동 명륜2길,127.12844287899999,35.841331976,2,2,2,2,2,2,2,2
월세,금암동,모래내1길,45.32,202035.0,10.85714286,3357.142857,18.71428571,2013.142857,전북 전주시 금암동 모래내1길,127.13987967899999,35.834247517,7,7,7,7,7,7,7,7
월세,금암동,모래내2길,39.6,202103.0,22.0,500.0,17.0,2002.0,전북 전주시 금암동 모래내2길,127.140223705,35.834324812,1,1,1,1,1,1,1,1
월세,금암동,모래내3길,50.0,202012.0,20.0,300.0,20.0,1988.0,전북 전주시 금암동 모래내3길,127.141856638,35.833782037,1,1,1,1,1,1,1,1
월세,금암동,모래내5길,19.8,202011.0,2.0,200.0,14.0,1976.0,전북 전주시 금암동 모래내5길,127.143658035,35.834736519,1,1,1,1,1,1,1,1
월세,금암동,모래내8길,26.44,202009.0,5.0,100.0,20.0,1998.0,전북 전주시 금암동 모래내8길,127.14435240700001,35.835700706,1,1,1,1,1,1,1,1
월세,금암동,백제대로,28.0,202008.3333,16.0,983.3333332999997,33.5,2016.5,전북 전주시 금암동 백제대로,127.131381799,35.839743593,6,6,6,6,6,6,6,6
월세,금암동,삼송1길,23.255,202066.75,21.25,412.5,29.75,2012.875,전북 전주시 금암동 삼송1길,127.13281059200001,35.841477741999995,8,8,8,8,8,8,8,8
월세,금암동,삼송2길,24.0,202102.0,7.0,3000.0,23.0,2005.0,전북 전주시 금암동 삼송2길,127.134683556,35.842346089,1,1,1,1,1,1,1,1
월세,금암동,삼송3길,13.29,202057.0,18.5,250.0,30.0,2016.5,전북 전주시 금암동 삼송3길,127.135233414,35.84210187,2,2,2,2,2,2,2,2
월세,금암동,삼송5길,25.951999999999998,202064.8,26.4,360.0,31.0,2009.5,전북 전주시 금암동 삼송5길,127.13790060299999,35.842917881,5,5,5,5,5,5,5,5
월세,금암동,용산1길,76.375,202008.25,21.25,3257.5,24.5,2009.75,전북 전주시 금암동 용산1길,127.130428688,35.835247835,4,4,4,4,4,4,4,4
월세,금암동,용산3길,45.0,202008.0,12.0,3500.0,25.0,2012.0,전북 전주시 금암동 용산3길,127.13207936100001,35.83658824,1,1,1,1,1,1,1,1
월세,금암동,전주천동로,120.0,202011.0,11.0,13500.0,20.0,2015.0,전북 전주시 금암동 전주천동로,127.12949251299999,35.836018576,1,1,1,1,1,1,1,1
월세,금암동,조경단로,45.29166667,202040.5,15.16666667,1250.0,35.16666667,2009.1666670000002,전북 전주시 금암동 조경단로,127.136126715,35.846297158,6,6,6,6,6,6,6,6
월세,금암동,태진로,90.31,202010.0,15.0,3000.0,20.0,1984.0,전북 전주시 금암동 태진로,127.13531687,35.832295425,1,1,1,1,1,1,1,1
월세,금암동,팔달로,28.01,202008.5,19.5,2350.0,20.5,1974.0,전북 전주시 금암동 팔달로,127.13612392799999,35.833116800999996,2,2,2,2,2,2,2,2
월세,덕진동1가,가리내로,57.51,202010.0,13.0,5000.0,10.0,,전북 전주시 덕진동1가 가리내로,127.12490716100001,35.835315916,1,1,1,1,1,1,1,1
월세,덕진동1가,권삼득로,27.48,202042.0,24.66666667,1866.6666670000002,23.33333333,2010.5,전북 전주시 덕진동1가 권삼득로,127.12684831899999,35.844082205999996,3,3,3,3,3,3,3,3
월세,덕진동1가,기린대로,30.0,202011.0,17.0,300.0,26.0,,전북 전주시 덕진동1가 기린대로,127.127937503,35.84160918,1,1,1,1,1,1,1,1
월세,덕진동1가,덕진광장로,85.685,202054.0,4.5,560.0,20.0,1982.5,전북 전주시 덕진동1가 덕진광장로,127.125000091,35.844159432,2,2,2,2,2,2,2,2
월세,덕진동1가,덕진연못1길,26.26666667,202071.3333,14.66666667,1233.333333,20.66666667,2000.3333329999998,전북 전주시 덕진동1가 덕진연못1길,127.12375509399999,35.844712912,3,3,3,3,3,3,3,3
월세,덕진동1가,들사평1길,45.50899999999999,202055.9,13.7,2100.0,20.4,1997.4285710000001,전북 전주시 덕진동1가 들사평1길,127.120410029,35.839094246,10,10,10,10,10,10,10,10
월세,덕진동1가,들사평2길,42.69230769,202014.4615,17.23076923,2615.384615,32.84615385,2016.1538460000002,전북 전주시 덕진동1가 들사평2길,127.121058534,35.840474198,13,13,13,13,13,13,13,13
월세,덕진동1가,들사평3길,42.17533333,202045.4,17.13333333,1880.0,37.66666667,2017.214286,전북 전주시 덕진동1가 들사평3길,127.12288850200001,35.840647705,15,15,15,15,15,15,15,15
월세,덕진동1가,들사평4길,37.39083333,202086.1667,16.16666667,575.0,39.25,2011.5833329999998,전북 전주시 덕진동1가 들사평4길,127.123790814,35.840942518,12,12,12,12,12,12,12,12
월세,덕진동1가,들사평5길,29.575,202057.25,14.5,225.0,33.25,2009.6666670000002,전북 전주시 덕진동1가 들사평5길,127.12382814,35.842463347,4,4,4,4,4,4,4,4
월세,덕진동1가,들사평로,47.75,202030.0,17.0,750.0,40.75,2004.25,전북 전주시 덕진동1가 들사평로,127.121555609,35.838273070999996,4,4,4,4,4,4,4,4
월세,덕진동1가,들사평서로,57.12,202053.75,13.75,2725.0,40.75,2007.25,전북 전주시 덕진동1가 들사평서로,127.12193394200001,35.836594774,4,4,4,4,4,4,4,4
월세,덕진동1가,떡전1길,56.2,202102.0,21.0,200.0,25.0,1981.0,전북 전주시 덕진동1가 떡전1길,127.126095366,35.835578894,1,1,1,1,1,1,1,1
월세,덕진동1가,떡전2길,65.57333333,202039.0,18.0,4333.333333,46.66666667,2003.3333329999998,전북 전주시 덕진동1가 떡전2길,127.12591365600001,35.836148903,3,3,3,3,3,3,3,3
월세,덕진동1가,떡전로,72.385,202055.0,19.0,4750.0,29.0,2019.0,전북 전주시 덕진동1가 떡전로,127.127064755,35.835594576,2,2,2,2,2,2,2,2
월세,덕진동1가,명륜2길,25.0,202040.0,22.33333333,266.6666667,34.33333333,2015.0,전북 전주시 덕진동1가 명륜2길,127.128487611,35.84164708,3,3,3,3,3,3,3,3
월세,덕진동1가,명륜4길,25.0,202005.0,14.0,200.0,30.0,2011.0,전북 전주시 덕진동1가 명륜4길,127.12664997,35.842581243000005,1,1,1,1,1,1,1,1
월세,덕진동1가,명륜5길,33.0,202101.0,23.0,1500.0,31.5,2011.0,전북 전주시 덕진동1가 명륜5길,127.12550645,35.843161843000004,2,2,2,2,2,2,2,2
월세,덕진동1가,사평1길,35.33333333,202070.3333,9.333333332999999,866.6666667000003,42.66666667,2014.3333329999998,전북 전주시 덕진동1가 사평1길,127.12040864299999,35.84116243,3,3,3,3,3,3,3,3
월세,덕진동1가,사평3길,35.7975,202032.75,13.25,250.0,31.5,2009.0,전북 전주시 덕진동1가 사평3길,127.122372057,35.844178576,4,4,4,4,4,4,4,4
월세,덕진동1가,사평로,30.0,202102.0,17.0,200.0,33.0,2011.0,전북 전주시 덕진동1가 사평로,127.118666225,35.83855955,1,1,1,1,1,1,1,1
월세,덕진동2가,가련산로,113.39,202010.0,12.0,15000.0,10.0,2011.0,전북 전주시 덕진동2가 가련산로,127.110552732,35.84066652,1,1,1,1,1,1,1,1
월세,덕진동2가,가리내10길,69.18,202030.75,16.0,3175.0,44.0,2013.0,전북 전주시 덕진동2가 가리내10길,127.11055699100001,35.842221169,4,4,4,4,4,4,4,4
월세,덕진동2가,가리내1길,51.19666667,202024.0,18.5,3716.666667,29.5,2013.2,전북 전주시 덕진동2가 가리내1길,127.111546546,35.847175688,6,6,6,6,6,6,6,6
월세,덕진동2가,가리내2길,51.31571429,202034.2857,16.0,3678.571429,24.0,2012.076923,전북 전주시 덕진동2가 가리내2길,127.11138765,35.846811646,14,14,14,14,14,14,14,14
월세,덕진동2가,가리내3길,51.00730769,202030.0385,18.23076923,3792.3076920000003,25.38461538,2012.6521739999998,전북 전주시 덕진동2가 가리내3길,127.111423886,35.846416557,26,26,26,26,26,26,26,26
월세,덕진동2가,가리내4길,40.98666667,202071.0,20.0,1933.3333329999998,35.66666667,2015.3333329999998,전북 전주시 덕진동2가 가리내4길,127.110352351,35.846118524,3,3,3,3,3,3,3,3
월세,덕진동2가,가리내5길,53.66363636,202042.2727,16.45454545,3227.272727,34.27272727,2013.0,전북 전주시 덕진동2가 가리내5길,127.111238254,35.847362983000004,11,11,11,11,11,11,11,11
월세,덕진동2가,가리내6길,53.285,202035.9583,16.29166667,2729.166667,37.45833333,2014.136364,전북 전주시 덕진동2가 가리내6길,127.11041077,35.845073825,24,24,24,24,24,24,24,24
월세,덕진동2가,가리내7길,57.65333333,202071.0,16.0,8000.0,13.33333333,2013.3333329999998,전북 전주시 덕진동2가 가리내7길,127.11108826200001,35.847424575,3,3,3,3,3,3,3,3
월세,덕진동2가,가리내8길,52.35375,202022.5,15.16666667,3750.0,30.625,2014.0476190000002,전북 전주시 덕진동2가 가리내8길,127.111629783,35.843399782,24,24,24,24,24,24,24,24
월세,덕진동2가,가리내9길,75.152,202066.0,15.4,5300.0,45.0,2014.5,전북 전주시 덕진동2가 가리내9길,127.110918565,35.847512503000004,5,5,5,5,5,5,5,5
월세,덕진동2가,경동로,33.0,202103.0,23.0,500.0,28.0,2011.0,전북 전주시 덕진동2가 경동로,127.106600124,35.843838667,1,1,1,1,1,1,1,1
월세,덕진동2가,권삼득로,35.0,202056.5,14.25,200.0,34.5,2013.75,전북 전주시 덕진동2가 권삼득로,127.12684831899999,35.844082205999996,4,4,4,4,4,4,4,4
월세,덕진동2가,기린대로,48.36600000000001,202025.8,10.4,2980.0,25.0,2014.0,전북 전주시 덕진동2가 기린대로,127.127937503,35.84160918,5,5,5,5,5,5,5,5
월세,덕진동2가,하가1길,42.3775,202079.25,12.5,2250.0,29.25,2019.5,전북 전주시 덕진동2가 하가1길,127.11573071,35.847531223000004,4,4,4,4,4,4,4,4
월세,덕진동2가,하가3길,94.91,202053.0,17.5,750.0,25.0,1988.0,전북 전주시 덕진동2가 하가3길,127.114448439,35.848082969000004,2,2,2,2,2,2,2,2
월세,덕진동2가,하가로,44.88454545,202024.0,14.18181818,3095.454545,23.0,2015.1,전북 전주시 덕진동2가 하가로,127.112996097,35.84845454,11,11,11,11,11,11,11,11
월세,덕진동2가,호반2길,33.88,202031.75,18.75,2200.0,26.25,2017.0,전북 전주시 덕진동2가 호반2길,127.11901957100001,35.84961788,4,4,4,4,4,4,4,4
월세,덕진동2가,호반4길,35.43,202011.0,30.0,5000.0,10.0,,전북 전주시 덕진동2가 호반4길,127.11847905299999,35.850437055,1,1,1,1,1,1,1,1
월세,덕진동2가,호반5길,33.55166667,202023.5,14.0,3600.0,18.66666667,2016.3333329999998,전북 전주시 덕진동2가 호반5길,127.115784085,35.849456759,6,6,6,6,6,6,6,6
월세,덕진동2가,호반6길,56.87866667,202032.5333,15.33333333,1966.6666670000002,34.0,2005.1666670000002,전북 전주시 덕진동2가 호반6길,127.11767507399999,35.850716739,15,15,15,15,15,15,15,15
월세,덕진동2가,호반7길,27.5,202102.0,20.0,250.0,30.0,2012.0,전북 전주시 덕진동2가 호반7길,127.114495393,35.850328947,2,2,2,2,2,2,2,2
월세,덕진동2가,호반8길,60.54,202024.3333,17.5,575.0,36.16666667,2012.2,전북 전주시 덕진동2가 호반8길,127.115445299,35.851148912,6,6,6,6,6,6,6,6
월세,만성동,두현길,32.58,202047.7143,12.78571429,1200.0,32.78571429,2017.0714289999999,전북 전주시 만성동 두현길,127.073257128,35.832020029,14,14,14,14,14,14,14,14
월세,만성동,만성남2길,67.52833333,202070.8333,13.66666667,2800.0,54.16666667,2019.2,전북 전주시 만성동 만성남2길,127.07177461799999,35.839299716,6,6,6,6,6,6,6,6
월세,만성동,만성남5길,85.0,202009.5,20.0,6500.0,38.5,2017.0,전북 전주시 만성동 만성남5길,127.07256909,35.84079154,2,2,2,2,2,2,2,2
월세,만성동,만성남6길,90.0,202103.0,5.0,3000.0,77.0,2018.0,전북 전주시 만성동 만성남6길,127.072327137,35.839644987,1,1,1,1,1,1,1,1
월세,만성동,만성남7길,56.93,202005.0,17.0,3000.0,50.0,2017.5,전북 전주시 만성동 만성남7길,127.072232056,35.839220773,2,2,2,2,2,2,2,2
월세,만성동,만성남8길,96.44,202101.0,4.0,10000.0,70.0,2021.0,전북 전주시 만성동 만성남8길,127.07266282799999,35.839051363,1,1,1,1,1,1,1,1
월세,만성동,만성남9길,65.005,202056.5,16.0,1000.0,57.5,2018.5,전북 전주시 만성동 만성남9길,127.073047858,35.838871071999996,2,2,2,2,2,2,2,2
월세,만성동,만성남로,60.0,202103.0,13.0,6000.0,40.0,2017.0,전북 전주시 만성동 만성남로,127.071197743,35.840262668,1,1,1,1,1,1,1,1
월세,만성동,만성로,53.74,202007.0,16.0,8500.0,30.0,2016.0,전북 전주시 만성동 만성로,127.07258206799999,35.842151062,1,1,1,1,1,1,1,1
월세,만성동,만성북1길,75.26166667,202025.8333,19.16666667,5916.666667,45.33333333,2019.0,전북 전주시 만성동 만성북1길,127.076978434,35.8493213,6,6,6,6,6,6,6,6
월세,만성동,만성북2길,66.2575,202056.75,19.0,7300.0,45.0,2019.75,전북 전주시 만성동 만성북2길,127.075495948,35.84940554,4,4,4,4,4,4,4,4
월세,만성동,만성북3길,54.27,202103.0,14.0,8000.0,25.0,,전북 전주시 만성동 만성북3길,127.076000619,35.848637047,1,1,1,1,1,1,1,1
월세,만성동,만성북로,53.38,202102.0,23.0,1000.0,60.0,,전북 전주시 만성동 만성북로,127.07764388,35.851492391,1,1,1,1,1,1,1,1
월세,만성동,만성중앙로,64.14,202055.0,12.0,4000.0,60.0,2019.5,전북 전주시 만성동 만성중앙로,127.073463858,35.844470108,2,2,2,2,2,2,2,2
월세,만성동,월방1길,100.8733333,202009.3333,13.0,9666.666667,41.66666667,2015.6666670000002,전북 전주시 만성동 월방1길,127.069411593,35.833450155,3,3,3,3,3,3,3,3
월세,만성동,월방2길,132.0,202008.0,4.0,19000.0,10.0,2020.0,전북 전주시 만성동 월방2길,127.071942434,35.833401294,1,1,1,1,1,1,1,1
월세,만성동,월방3길,61.68571429,202035.7143,20.42857143,2428.571429,42.85714286,2016.3333329999998,전북 전주시 만성동 월방3길,127.069948508,35.834675456,7,7,7,7,7,7,7,7
월세,만성동,월방5길,94.46,202004.0,13.0,10000.0,35.0,2019.0,전북 전주시 만성동 월방5길,127.072191626,35.834448415,1,1,1,1,1,1,1,1
월세,만성동,월방6길,102.69666670000001,202009.3333,15.66666667,10500.0,38.33333333,2017.5,전북 전주시 만성동 월방6길,127.07194941899999,35.835495073000004,3,3,3,3,3,3,3,3
월세,만성동,월방7길,102.09,202057.0,5.5,15500.0,17.5,2018.0,전북 전주시 만성동 월방7길,127.073009034,35.835658023,2,2,2,2,2,2,2,2
월세,만성동,월방8길,106.2125,202006.75,17.5,11250.0,30.0,2017.75,전북 전주시 만성동 월방8길,127.07339987200001,35.836588932,4,4,4,4,4,4,4,4
월세,반월동,반월4길,35.4,202004.0,24.0,6000.0,10.0,2017.0,전북 전주시 반월동 반월4길,127.072011946,35.875177263000005,1,1,1,1,1,1,1,1
월세,산정동,건산로,65.0,202040.0,11.0,5300.0,39.33333333,2017.0,전북 전주시 산정동 건산로,127.16932745700001,35.836618032,3,3,3,3,3,3,3,3
월세,산정동,산정2길,50.66666667,202008.6667,11.66666667,1166.666667,45.0,2019.0,전북 전주시 산정동 산정2길,127.169261606,35.837238891,3,3,3,3,3,3,3,3
월세,산정동,아중천1길,40.0,202012.0,30.0,200.0,30.0,,전북 전주시 산정동 아중천1길,127.17299518799999,35.83431393,1,1,1,1,1,1,1,1
월세,산정동,아중천2길,46.53272727,202042.8182,19.18181818,3154.545455,26.27272727,2011.0,전북 전주시 산정동 아중천2길,127.170938852,35.836379949,11,11,11,11,11,11,11,11
월세,송천동1가,두간11길,84.7,202006.0,24.0,4000.0,40.0,2011.0,전북 전주시 송천동1가 두간11길,127.11504257200001,35.864314416999996,1,1,1,1,1,1,1,1
월세,송천동1가,두간3길,59.4,202008.0,23.0,500.0,40.0,2013.0,전북 전주시 송천동1가 두간3길,127.11994372,35.864732833000005,1,1,1,1,1,1,1,1
월세,송천동1가,두간9길,109.0,202010.0,26.0,7000.0,30.0,2013.0,전북 전주시 송천동1가 두간9길,127.11560593799999,35.864897688,1,1,1,1,1,1,1,1
월세,송천동1가,사근1길,30.0,202103.0,6.0,300.0,40.0,2016.0,전북 전주시 송천동1가 사근1길,127.128148113,35.866453581,1,1,1,1,1,1,1,1
월세,송천동1가,솔내1길,49.76454545,202037.9545,19.36363636,3081.818182,27.54545455,2009.785714,전북 전주시 송천동1가 솔내1길,127.121266726,35.852223496,22,22,22,22,22,22,22,22
월세,송천동1가,솔내2길,52.23307692,202023.2308,17.30769231,2114.461538,28.30769231,2013.5,전북 전주시 송천동1가 솔내2길,127.120983076,35.853258699,13,13,13,13,13,13,13,13
월세,송천동1가,솔내3길,50.0,202009.0,28.0,300.0,30.0,2011.0,전북 전주시 송천동1가 솔내3길,127.12169896799999,35.853725271,1,1,1,1,1,1,1,1
월세,송천동1가,솔내4길,42.258,202027.2,15.4,1200.0,30.4,2017.0,전북 전주시 송천동1가 솔내4길,127.12136201700001,35.856049373000005,5,5,5,5,5,5,5,5
월세,송천동1가,솔내5길,40.42666667,202032.0,13.0,2037.5,21.41666667,2010.363636,전북 전주시 송천동1가 솔내5길,127.12162066200001,35.85756399,12,12,12,12,12,12,12,12
월세,송천동1가,솔내6길,69.35,202008.0,14.75,5375.0,27.5,2016.0,전북 전주시 송천동1가 솔내6길,127.12339957799999,35.858544846,4,4,4,4,4,4,4,4
월세,송천동1가,솔내7길,99.084,202009.8,20.8,8660.0,30.8,2010.4,전북 전주시 송천동1가 솔내7길,127.12225825200001,35.859698378000004,5,5,5,5,5,5,5,5
월세,송천동1가,솔내8길,43.475,202049.2857,14.0,1857.142857,33.71428571,2013.363636,전북 전주시 송천동1가 솔내8길,127.12247365200001,35.860989015,14,14,14,14,14,14,14,14
월세,송천동1가,솔내9길,44.19,202041.1429,14.64285714,3067.857143,29.42857143,2014.3333329999998,전북 전주시 송천동1가 솔내9길,127.125729685,35.862458739000004,14,14,14,14,14,14,14,14
월세,송천동1가,송천1길,39.55333333,202040.3333,14.33333333,3066.666667,23.33333333,2016.0,전북 전주시 송천동1가 송천1길,127.11984528299999,35.856078754,3,3,3,3,3,3,3,3
월세,송천동1가,송천2길,50.0,202006.0,28.0,3000.0,40.0,2018.0,전북 전주시 송천동1가 송천2길,127.11993640799999,35.859952252,1,1,1,1,1,1,1,1
월세,송천동1가,송천3길,36.85571429,202021.0,14.28571429,442.85714289999993,37.85714286,2018.0,전북 전주시 송천동1가 송천3길,127.120271504,35.860992555,7,7,7,7,7,7,7,7
월세,송천동1가,송천4길,80.625,202056.0,23.0,10500.0,10.0,2013.5,전북 전주시 송천동1가 송천4길,127.119791994,35.861761593000004,2,2,2,2,2,2,2,2
월세,송천동1가,송천로,47.666000000000004,202027.45,16.65,3490.0,27.7,2016.2631579999997,전북 전주시 송천동1가 송천로,127.114697388,35.865521621,20,20,20,20,20,20,20,20
월세,송천동1가,송천중앙로,58.6675,202008.75,13.5,2700.0,33.5,2014.75,전북 전주시 송천동1가 송천중앙로,127.12132502200001,35.863219087,4,4,4,4,4,4,4,4
월세,송천동1가,시천로,55.16875,202043.375,13.375,2975.0,29.75,2013.714286,전북 전주시 송천동1가 시천로,127.114697388,35.865521621,8,8,8,8,8,8,8,8
월세,송천동1가,오송1길,31.0,202038.6667,21.66666667,1516.666667,27.33333333,2007.3333329999998,전북 전주시 송천동1가 오송1길,127.12808008200001,35.863152201,3,3,3,3,3,3,3,3
월세,송천동1가,천마산로,62.86166667,202055.6667,16.33333333,3416.666667,40.0,2016.0,전북 전주시 송천동1가 천마산로,127.13358697700001,35.864059979000004,6,6,6,6,6,6,6,6
월세,송천동2가,동부대로,23.0,202008.0,5.0,300.0,35.0,2017.0,전북 전주시 송천동2가 동부대로,127.138162316,35.869779993,1,1,1,1,1,1,1,1
월세,송천동2가,붓내1길,51.05166667,202022.6667,20.16666667,2683.333333,32.66666667,2012.8,전북 전주시 송천동2가 붓내1길,127.123122646,35.86419358,6,6,6,6,6,6,6,6
월세,송천동2가,붓내2길,36.0,202052.5,19.0,1000.0,27.5,2011.0,전북 전주시 송천동2가 붓내2길,127.12350737,35.864982774,2,2,2,2,2,2,2,2
월세,송천동2가,붓내3길,54.38,202008.0,17.66666667,600.0,46.0,2014.3333329999998,전북 전주시 송천동2가 붓내3길,127.121834397,35.866692207,3,3,3,3,3,3,3,3
월세,송천동2가,붓내4길,51.16666667,202024.6667,17.33333333,2883.333333,28.83333333,2012.6666670000002,전북 전주시 송천동2가 붓내4길,127.12245673700001,35.86769168,6,6,6,6,6,6,6,6
월세,송천동2가,붓내5길,61.1025,202008.75,18.0,2550.0,21.5,2006.5,전북 전주시 송천동2가 붓내5길,127.122530986,35.868559245,4,4,4,4,4,4,4,4
월세,송천동2가,사근1길,30.5,202053.0,21.5,950.0,31.0,2015.0,전북 전주시 송천동2가 사근1길,127.128148113,35.866453581,4,4,4,4,4,4,4,4
월세,송천동2가,솔내로,44.315,202030.5,12.5,2250.0,26.25,2014.0,전북 전주시 송천동2가 솔내로,127.12658686299999,35.861576022,4,4,4,4,4,4,4,4
월세,송천동2가,와룡1길,30.0,202008.0,27.0,250.0,30.5,,전북 전주시 송천동2가 와룡1길,127.113337569,35.865257821,2,2,2,2,2,2,2,2
월세,송천동2가,와룡로,77.81,202055.0,28.0,1650.0,35.0,2012.0,전북 전주시 송천동2가 와룡로,127.11223060200001,35.868452148,2,2,2,2,2,2,2,2
월세,송천동2가,천마산로,45.9,202037.4,17.4,2650.0,37.3,2014.0,전북 전주시 송천동2가 천마산로,127.122711173,35.863565461,10,10,10,10,10,10,10,10
월세,여의동,여암1길,36.66666667,202009.0,22.0,533.3333333,35.0,2018.0,전북 전주시 여의동 여암1길,127.074503441,35.871056906,3,3,3,3,3,3,3,3
월세,여의동,여암2길,45.33333333,202040.6667,16.0,766.6666667000003,38.33333333,2015.6666670000002,전북 전주시 여의동 여암2길,127.074833232,35.870918386,3,3,3,3,3,3,3,3
월세,여의동,용정길,95.475,202007.0,14.5,11500.0,37.5,2020.0,전북 전주시 여의동 용정길,127.06854164,35.854684721999995,2,2,2,2,2,2,2,2
월세,여의동2가,덕용1길,39.24285714,202037.0,22.28571429,3700.0,25.42857143,2018.3333329999998,전북 전주시 여의동2가 덕용1길,127.07977576100001,35.867596893000005,7,7,7,7,7,7,7,7
월세,여의동2가,덕용2길,37.5,202057.0,13.5,250.0,27.5,2018.0,전북 전주시 여의동2가 덕용2길,127.07870259,35.868975802,2,2,2,2,2,2,2,2
월세,여의동2가,덕용4길,53.63714286,202022.4286,13.57142857,3857.142857,36.28571429,2017.4,전북 전주시 여의동2가 덕용4길,127.077880774,35.870356731,7,7,7,7,7,7,7,7
월세,여의동2가,쪽구름1길,80.0,202103.0,18.5,8500.0,30.0,2016.0,전북 전주시 여의동2가 쪽구름1길,127.07700676700001,35.87268775,2,2,2,2,2,2,2,2
월세,여의동2가,쪽구름2길,45.0,202009.0,7.0,1000.0,20.0,1993.0,전북 전주시 여의동2가 쪽구름2길,127.077173514,35.875010803,1,1,1,1,1,1,1,1
월세,여의동2가,쪽구름3길,57.32333333,202037.3333,16.66666667,2066.666667,31.0,2004.3333329999998,전북 전주시 여의동2가 쪽구름3길,127.077180036,35.873536229,3,3,3,3,3,3,3,3
월세,여의동2가,쪽구름5길,60.16,202004.0,9.0,2000.0,15.0,2020.0,전북 전주시 여의동2가 쪽구름5길,127.077173514,35.875010803,1,1,1,1,1,1,1,1
월세,여의동2가,쪽구름로,39.695,202055.125,18.875,1625.0,31.625,2016.875,전북 전주시 여의동2가 쪽구름로,127.079295269,35.866860187,8,8,8,8,8,8,8,8
월세,여의동2가,편운로,37.0,202102.0,21.0,300.0,26.0,1991.0,전북 전주시 여의동2가 편운로,127.07753661299999,35.871002664,1,1,1,1,1,1,1,1
월세,용정동,서당안길,64.16,202008.0,12.0,1000.0,30.0,,전북 전주시 용정동 서당안길,127.058428204,35.874979229000004,1,1,1,1,1,1,1,1
월세,우아동1가,아중로,92.1325,202010.5,22.5,6100.0,34.75,2012.5,전북 전주시 우아동1가 아중로,127.170598792,35.827383026999996,4,4,4,4,4,4,4,4
월세,우아동1가,인교1길,30.5,202056.25,12.25,375.0,28.25,2009.75,전북 전주시 우아동1가 인교1길,127.172931831,35.827927802,4,4,4,4,4,4,4,4
월세,우아동1가,인교2길,31.5,202009.0,10.0,200.0,30.0,2016.0,전북 전주시 우아동1가 인교2길,127.170903805,35.827218251,2,2,2,2,2,2,2,2
월세,우아동1가,인교3길,63.02,202021.2667,14.66666667,4795.0,21.73333333,2009.0,전북 전주시 우아동1가 인교3길,127.17323834700001,35.827521361,15,15,15,15,15,15,15,15
월세,우아동1가,인교4길,48.07,202051.5385,21.15384615,3523.0769229999996,21.92307692,2007.0,전북 전주시 우아동1가 인교4길,127.171452303,35.826720339,13,13,13,13,13,13,13,13
월세,우아동1가,인교5길,72.708,202025.0,21.8,3440.0,28.0,2009.25,전북 전주시 우아동1가 인교5길,127.17434749799999,35.82784319,5,5,5,5,5,5,5,5
월세,우아동1가,인교6길,50.26,202027.8,10.3,5680.0,18.9,2010.2,전북 전주시 우아동1가 인교6길,127.17264962600001,35.82570079,10,10,10,10,10,10,10,10
월세,우아동1가,인교7길,76.42,202010.0,22.8,10800.0,16.6,2018.3333329999998,전북 전주시 우아동1가 인교7길,127.173352881,35.826931736999995,5,5,5,5,5,5,5,5
월세,우아동1가,인교8길,50.38375,202030.625,16.0,3694.75,20.375,2016.6666670000002,전북 전주시 우아동1가 인교8길,127.17392599,35.826250249,8,8,8,8,8,8,8,8
월세,우아동1가,인교9길,51.25583333,202016.0833,12.5,3433.25,19.66666667,2011.75,전북 전주시 우아동1가 인교9길,127.174185884,35.826080699,12,12,12,12,12,12,12,12
월세,우아동1가,인교로,41.41307692,202036.0769,14.84615385,2896.153846,20.46153846,2007.7,전북 전주시 우아동1가 인교로,127.17050879799999,35.824300014,13,13,13,13,13,13,13,13
월세,우아동1가,한배미로,59.63,202007.0,15.66666667,5333.333333,31.66666667,2013.0,전북 전주시 우아동1가 한배미로,127.169801943,35.824349645,3,3,3,3,3,3,3,3
월세,우아동2가,석소1길,41.778,202028.0,18.0,1740.0,30.2,2014.5,전북 전주시 우아동2가 석소1길,127.168189934,35.832558431,5,5,5,5,5,5,5,5
월세,우아동2가,석소2길,37.66555556,202050.1111,19.88888889,1592.222222,25.44444444,2008.2,전북 전주시 우아동2가 석소2길,127.16927924,35.833451075999996,9,9,9,9,9,9,9,9
월세,우아동2가,석소3길,39.00625,202019.9375,12.4375,656.25,30.4375,2007.0,전북 전주시 우아동2가 석소3길,127.17038238,35.833983815,16,16,16,16,16,16,16,16
월세,우아동2가,석소4길,41.14,202008.3333,16.0,2200.0,28.0,,전북 전주시 우아동2가 석소4길,127.171823639,35.833833704,3,3,3,3,3,3,3,3
월세,우아동2가,석소5길,51.1475,202078.25,18.5,2768.75,20.125,2007.714286,전북 전주시 우아동2가 석소5길,127.173064863,35.833274944,8,8,8,8,8,8,8,8
월세,우아동2가,석소로,31.875,202009.25,16.0,1425.0,30.5,2011.5,전북 전주시 우아동2가 석소로,127.169067464,35.830195544,4,4,4,4,4,4,4,4
월세,우아동2가,아중1길,47.382,202009.3,17.4,2420.0,30.0,2010.285714,전북 전주시 우아동2가 아중1길,127.17083838,35.828456533,10,10,10,10,10,10,10,10
월세,우아동2가,아중3길,50.42545455,202024.5455,19.27272727,3763.636364,26.63636364,2012.0,전북 전주시 우아동2가 아중3길,127.170347901,35.829236859,11,11,11,11,11,11,11,11
월세,우아동2가,아중6길,43.09285714,202021.8571,17.85714286,2485.714286,23.57142857,2009.75,전북 전주시 우아동2가 아중6길,127.173198879,35.832438363,7,7,7,7,7,7,7,7
월세,우아동2가,아중7길,46.99,202061.2857,9.857142857000001,1885.714286,24.28571429,2009.8333329999998,전북 전주시 우아동2가 아중7길,127.17105408799999,35.832977895,7,7,7,7,7,7,7,7
월세,우아동2가,아중중앙로,55.381,202026.8,17.2,4780.0,19.5,2012.75,전북 전주시 우아동2가 아중중앙로,127.172298988,35.82940781,10,10,10,10,10,10,10,10
월세,우아동2가,정언신로,65.1,202009.6,13.6,5840.0,29.0,2013.5,전북 전주시 우아동2가 정언신로,127.16931216799999,35.830247049,5,5,5,5,5,5,5,5
월세,우아동2가,중상보로,44.6175,202008.375,9.75,2200.0,28.0,2008.714286,전북 전주시 우아동2가 중상보로,127.16884755299999,35.833401369,8,8,8,8,8,8,8,8
월세,우아동2가,진버들6길,42.63542857,202027.0,15.42857143,2305.714286,24.6,2008.794118,전북 전주시 우아동2가 진버들6길,127.166925259,35.836484175,35,35,35,35,35,35,35,35
월세,우아동2가,진버들7길,61.9,202011.0,25.0,6000.0,40.0,,전북 전주시 우아동2가 진버들7길,127.16704210299999,35.837754145,1,1,1,1,1,1,1,1
월세,우아동3가,도당산2길,37.5,202054.0,6.5,650.0,35.0,2018.5,전북 전주시 우아동3가 도당산2길,127.154906563,35.846513578,2,2,2,2,2,2,2,2
월세,우아동3가,도당산3길,32.295,202008.0,21.5,3500.0,15.0,2017.0,전북 전주시 우아동3가 도당산3길,127.15610977700001,35.84693657,2,2,2,2,2,2,2,2
월세,우아동3가,도당산4길,57.7705,202027.4,15.75,3075.0,29.95,2010.8125,전북 전주시 우아동3가 도당산4길,127.15955979799999,35.848164545,20,20,20,20,20,20,20,20
월세,우아동3가,도당산로,46.585,202054.0,14.5,400.0,30.66666667,2002.8333329999998,전북 전주시 우아동3가 도당산로,127.15483167299999,35.844007438,6,6,6,6,6,6,6,6
월세,우아동3가,동부대로,96.635,202054.0,9.5,500.0,35.0,1990.0,전북 전주시 우아동3가 동부대로,127.166983164,35.840568921999996,2,2,2,2,2,2,2,2
월세,우아동3가,신기1길,66.12,202103.0,13.0,500.0,25.0,1990.0,전북 전주시 우아동3가 신기1길,127.16249629200001,35.84831076,1,1,1,1,1,1,1,1
월세,우아동3가,안골5길,40.4,202039.6667,13.66666667,2233.333333,20.0,1996.6666670000002,전북 전주시 우아동3가 안골5길,127.15567829700001,35.842873495999996,3,3,3,3,3,3,3,3
월세,우아동3가,안골6길,41.865,202056.5,19.5,1800.0,18.0,2017.0,전북 전주시 우아동3가 안골6길,127.15511841799999,35.84383279,2,2,2,2,2,2,2,2
월세,우아동3가,안덕원1길,57.33,202011.0,11.0,6000.0,20.0,,전북 전주시 우아동3가 안덕원1길,127.165109525,35.842730124,1,1,1,1,1,1,1,1
월세,우아동3가,안덕원2길,40.0,202010.0,17.0,2000.0,25.0,2015.0,전북 전주시 우아동3가 안덕원2길,127.164242523,35.843197648,1,1,1,1,1,1,1,1
월세,우아동3가,우아10길,52.29714286,202020.5714,12.0,2014.285714,26.0,2011.2,전북 전주시 우아동3가 우아10길,127.157150427,35.852398096,7,7,7,7,7,7,7,7
월세,우아동3가,우아1길,35.92888889,202041.2222,18.0,1400.0,28.0,2001.0,전북 전주시 우아동3가 우아1길,127.162710712,35.844990024,9,9,9,9,9,9,9,9
월세,우아동3가,우아2길,48.622,202065.0,13.4,4660.0,16.0,2011.0,전북 전주시 우아동3가 우아2길,127.158024004,35.84933453,5,5,5,5,5,5,5,5
월세,우아동3가,우아3길,48.68769231,202051.6923,20.0,3700.0,19.61538462,2011.5555559999998,전북 전주시 우아동3가 우아3길,127.162710712,35.844990024,13,13,13,13,13,13,13,13
월세,우아동3가,우아4길,73.87333333,202040.3333,23.66666667,1000.0,33.33333333,1994.3333329999998,전북 전주시 우아동3가 우아4길,127.157642995,35.84945554,3,3,3,3,3,3,3,3
월세,우아동3가,우아6길,50.61333333,202005.6667,15.66666667,500.0,20.0,1989.0,전북 전주시 우아동3가 우아6길,127.157175682,35.85041415,3,3,3,3,3,3,3,3
월세,우아동3가,우아7길,43.268,202027.8,15.6,2960.0,18.4,2006.4,전북 전주시 우아동3가 우아7길,127.154596925,35.849810011,5,5,5,5,5,5,5,5
월세,우아동3가,우아8길,39.6,202008.0,18.0,200.0,20.0,2001.0,전북 전주시 우아동3가 우아8길,127.15706994799999,35.850918754,1,1,1,1,1,1,1,1
월세,우아동3가,호성1길,53.75,202006.5,18.0,3575.0,39.75,2020.0,전북 전주시 우아동3가 호성1길,127.15532414799999,35.856055692,4,4,4,4,4,4,4,4
월세,우아동3가,호성로,61.32,202010.0,13.0,6000.0,15.0,,전북 전주시 우아동3가 호성로,127.152765395,35.85470973,1,1,1,1,1,1,1,1
월세,인후동1가,가재미1길,42.43142857,202048.1429,21.57142857,1342.857143,29.14285714,2008.8,전북 전주시 인후동1가 가재미1길,127.16235292,35.828394999000004,7,7,7,7,7,7,7,7
월세,인후동1가,가재미2길,52.05142857,202035.8571,12.14285714,2242.857143,25.57142857,2011.6,전북 전주시 인후동1가 가재미2길,127.16360726200001,35.828729626,7,7,7,7,7,7,7,7
월세,인후동1가,가재미3길,43.648,202026.7,15.0,2300.0,27.3,2011.8333329999998,전북 전주시 인후동1가 가재미3길,127.161277811,35.829248351,10,10,10,10,10,10,10,10
월세,인후동1가,가재미4길,46.022,202006.2,9.6,2540.0,21.2,2009.4,전북 전주시 인후동1가 가재미4길,127.163021393,35.829550208,5,5,5,5,5,5,5,5
월세,인후동1가,가재미5길,43.28444444,202029.0,13.88888889,1166.666667,28.88888889,2010.375,전북 전주시 인후동1가 가재미5길,127.160993687,35.830129329,9,9,9,9,9,9,9,9
월세,인후동1가,가재미6길,47.82,202008.0,13.8,1440.0,28.0,2008.2,전북 전주시 인후동1가 가재미6길,127.163011168,35.830388659,5,5,5,5,5,5,5,5
월세,인후동1가,가재미로,55.43733333,202036.3,15.46666667,2323.333333,31.13333333,2010.576923,전북 전주시 인후동1가 가재미로,127.16375612200001,35.826014572,30,30,30,30,30,30,30,30
월세,인후동1가,건산로,76.16,202039.0,10.66666667,4475.333333,23.0,2006.0,전북 전주시 인후동1가 건산로,127.148615221,35.832658857,6,6,6,6,6,6,6,6
월세,인후동1가,견훤로,68.68,202025.9375,13.125,3562.5,32.125,2012.272727,전북 전주시 인후동1가 견훤로,127.156649465,35.837462041,16,16,16,16,16,16,16,16
월세,인후동1가,견훤왕궁로,53.94,202007.75,14.5,6200.0,11.25,2016.3333329999998,전북 전주시 인후동1가 견훤왕궁로,127.153542519,35.829886606,4,4,4,4,4,4,4,4
월세,인후동1가,구총목로,47.81166667,202025.0,14.83333333,3933.333333,21.83333333,2010.75,전북 전주시 인후동1가 구총목로,127.16120238200001,35.828027475,6,6,6,6,6,6,6,6
월세,인후동1가,동가재미1길,40.44285714,202036.2857,15.85714286,1028.5714289999999,33.0,2010.8,전북 전주시 인후동1가 동가재미1길,127.162260155,35.83243405,7,7,7,7,7,7,7,7
월세,인후동1가,동가재미2길,46.65380952,202035.2381,18.76190476,1992.857143,30.33333333,2008.6666670000002,전북 전주시 인후동1가 동가재미2길,127.160822919,35.833175375,21,21,21,21,21,21,21,21
월세,인후동1가,동가재미3길,53.68571429,202041.2143,16.71428571,3342.857143,21.42857143,2008.375,전북 전주시 인후동1가 동가재미3길,127.16165037,35.833504618,14,14,14,14,14,14,14,14
월세,인후동1가,무삼지1길,28.33333333,202008.3333,21.66666667,1366.666667,11.66666667,2007.3333329999998,전북 전주시 인후동1가 무삼지1길,127.162806511,35.825491218,3,3,3,3,3,3,3,3
월세,인후동1가,무삼지2길,36.95823529,202035.0588,17.17647059,1029.411765,27.76470588,2007.1875,전북 전주시 인후동1가 무삼지2길,127.16201125200001,35.826623020999996,17,17,17,17,17,17,17,17
월세,인후동1가,무삼지3길,51.28083333,202040.3333,15.66666667,3800.0,22.66666667,2005.0,전북 전주시 인후동1가 무삼지3길,127.16166737,35.827580794,12,12,12,12,12,12,12,12
월세,인후동1가,무삼지4길,37.56333333,202024.75,18.91666667,2208.333333,21.41666667,2009.5454550000002,전북 전주시 인후동1가 무삼지4길,127.16461030100001,35.826126564,12,12,12,12,12,12,12,12
월세,인후동1가,무삼지5길,50.141999999999996,202008.6,17.4,500.0,36.0,2008.0,전북 전주시 인후동1가 무삼지5길,127.16436643,35.827597799,5,5,5,5,5,5,5,5
월세,인후동1가,무삼지6길,37.0,202045.8,15.8,420.0,32.4,2012.2,전북 전주시 인후동1가 무삼지6길,127.163849156,35.828185092,5,5,5,5,5,5,5,5
월세,인후동1가,물왕멀로,40.0,202008.5,22.5,1000.0,31.5,2018.0,전북 전주시 인후동1가 물왕멀로,127.150722628,35.829878817,2,2,2,2,2,2,2,2
월세,인후동1가,반태산3길,30.0,202005.0,28.0,500.0,25.0,2019.0,전북 전주시 인후동1가 반태산3길,127.147461249,35.83055108,1,1,1,1,1,1,1,1
월세,인후동1가,반태산4길,66.6,202103.0,31.0,500.0,25.0,1991.0,전북 전주시 인후동1가 반태산4길,127.147168084,35.831593918,1,1,1,1,1,1,1,1
월세,인후동1가,반태산5길,77.45,202005.0,3.0,200.0,20.0,1980.0,전북 전주시 인후동1가 반태산5길,127.149722295,35.831349708000005,1,1,1,1,1,1,1,1
월세,인후동1가,서가재미1길,42.62300000000001,202036.85,18.15,1900.0,26.05,2009.3333329999998,전북 전주시 인후동1가 서가재미1길,127.15996878799999,35.830808540999996,20,20,20,20,20,20,20,20
월세,인후동1가,서가재미2길,37.43285714,202043.38100000002,12.19047619,1690.4761899999999,23.42857143,2008.375,전북 전주시 인후동1가 서가재미2길,127.159689469,35.831821754,21,21,21,21,21,21,21,21
월세,인후동1가,서가재미3길,61.65,202064.8,14.1,2080.0,36.3,2006.3,전북 전주시 인후동1가 서가재미3길,127.15927507200001,35.832830736999995,10,10,10,10,10,10,10,10
월세,인후동1가,석소로,51.83571429,202009.5714,19.42857143,2414.285714,34.57142857,2012.4,전북 전주시 인후동1가 석소로,127.16840259999998,35.828161347,7,7,7,7,7,7,7,7
월세,인후동1가,심방죽2길,27.425,202012.0,23.5,4500.0,5.0,,전북 전주시 인후동1가 심방죽2길,127.151851136,35.837858716999996,2,2,2,2,2,2,2,2
월세,인후동1가,심방죽4길,36.0,202006.0,25.0,2000.0,15.0,2010.0,전북 전주시 인후동1가 심방죽4길,127.151644906,35.839838941,1,1,1,1,1,1,1,1
월세,인후동1가,심방죽7길,33.5,202008.0,18.0,400.0,31.5,2013.0,전북 전주시 인후동1가 심방죽7길,127.15195353899999,35.84128078,2,2,2,2,2,2,2,2
월세,인후동1가,심방죽로,28.0,202008.0,20.0,5000.0,5.0,,전북 전주시 인후동1가 심방죽로,127.15118182200001,35.837723828,1,1,1,1,1,1,1,1
월세,인후동1가,아중로,83.51,202009.3333,27.66666667,4166.666667,43.33333333,2013.0,전북 전주시 인후동1가 아중로,127.166125274,35.825808185999996,3,3,3,3,3,3,3,3
월세,인후동1가,안골1길,31.35666667,202038.0,14.0,1833.3333329999998,12.66666667,2003.3333329999998,전북 전주시 인후동1가 안골1길,127.157118039,35.837830896999996,6,6,6,6,6,6,6,6
월세,인후동1가,안골2길,86.88,202055.0,9.25,3525.0,31.25,1994.0,전북 전주시 인후동1가 안골2길,127.15687462700001,35.839050316999995,4,4,4,4,4,4,4,4
월세,인후동1가,안골3길,69.27,202047.0,19.8,2420.0,24.8,1993.2,전북 전주시 인후동1가 안골3길,127.15624317700001,35.840238387,5,5,5,5,5,5,5,5
월세,인후동1가,안골4길,53.9125,202029.25,10.75,1175.0,29.5,2004.5,전북 전주시 인후동1가 안골4길,127.15646929,35.841928575,4,4,4,4,4,4,4,4
월세,인후동1가,안덕원로,47.585,202079.25,9.25,3175.0,18.75,2002.0,전북 전주시 인후동1가 안덕원로,127.15604802899999,35.837144678,4,4,4,4,4,4,4,4
월세,인후동1가,인봉3길,58.141999999999996,202008.0,10.6,2940.0,24.2,2006.3333329999998,전북 전주시 인후동1가 인봉3길,127.15533412,35.828697412,5,5,5,5,5,5,5,5
월세,인후동1가,인후1길,50.0,202008.0,29.0,500.0,42.0,2018.0,전북 전주시 인후동1가 인후1길,127.15262436399999,35.832320855,1,1,1,1,1,1,1,1
월세,인후동1가,인후2길,60.0,202009.0,4.0,500.0,45.0,2020.0,전북 전주시 인후동1가 인후2길,127.153309998,35.831443536,1,1,1,1,1,1,1,1
월세,인후동1가,인후3길,43.492,202046.4,19.6,1900.0,20.2,1996.75,전북 전주시 인후동1가 인후3길,127.154288673,35.830076013,5,5,5,5,5,5,5,5
월세,인후동1가,인후4길,81.41,202004.0,16.0,1000.0,25.0,1990.0,전북 전주시 인후동1가 인후4길,127.154984791,35.829760115,1,1,1,1,1,1,1,1
월세,인후동1가,인후5길,34.488,202026.8,5.2,1780.0,23.0,2009.25,전북 전주시 인후동1가 인후5길,127.15804728799999,35.83053163,5,5,5,5,5,5,5,5
월세,인후동1가,인후6길,57.5,202030.0,10.0,875.0,41.0,2010.75,전북 전주시 인후동1가 인후6길,127.157436187,35.832793067,4,4,4,4,4,4,4,4
월세,인후동1가,작은모래내4길,52.53,202011.0,12.0,5000.0,15.0,,전북 전주시 인후동1가 작은모래내4길,127.148960351,35.833871265999996,1,1,1,1,1,1,1,1
월세,인후동1가,정언신로,55.15333333,202008.1667,20.16666667,3333.333333,23.66666667,2016.2,전북 전주시 인후동1가 정언신로,127.15501066700001,35.829420114,6,6,6,6,6,6,6,6
월세,인후동1가,진버들1길,34.0925,202053.75,20.0,2425.0,20.75,2015.0,전북 전주시 인후동1가 진버들1길,127.157329296,35.835765407,4,4,4,4,4,4,4,4
월세,인후동1가,진버들2길,54.25,202007.5,9.5,3750.0,25.0,1987.0,전북 전주시 인후동1가 진버들2길,127.158809535,35.836246194,2,2,2,2,2,2,2,2
월세,인후동1가,진버들3길,72.97,202006.0,27.0,2000.0,20.0,1978.0,전북 전주시 인후동1가 진버들3길,127.16226625600001,35.836468675,1,1,1,1,1,1,1,1
월세,인후동1가,진버들4길,50.865,202010.5,14.0,5300.0,23.5,2012.0,전북 전주시 인후동1가 진버들4길,127.16380635,35.835774879,4,4,4,4,4,4,4,4
월세,인후동1가,팽나무1길,74.18,202010.0,9.25,2100.0,27.0,1999.6666670000002,전북 전주시 인후동1가 팽나무1길,127.149837621,35.835070673000004,4,4,4,4,4,4,4,4
월세,인후동1가,팽나무2길,55.08,202010.0,8.0,500.0,25.0,1992.0,전북 전주시 인후동1가 팽나무2길,127.152090268,35.834653701,1,1,1,1,1,1,1,1
월세,인후동1가,팽나무3길,41.64,202023.4167,16.58333333,1091.666667,28.66666667,2006.8,전북 전주시 인후동1가 팽나무3길,127.15300442,35.83559893,12,12,12,12,12,12,12,12
월세,인후동1가,팽나무4길,46.30083333,202039.1667,14.91666667,2716.666667,21.5,2014.5,전북 전주시 인후동1가 팽나무4길,127.15431871700001,35.835727364,12,12,12,12,12,12,12,12
월세,인후동1가,팽나무5길,34.73666667,202008.0,19.0,2333.333333,22.33333333,2004.6666670000002,전북 전주시 인후동1가 팽나무5길,127.156009329,35.835693669,3,3,3,3,3,3,3,3
월세,인후동1가,팽나무6길,42.51416667,202044.5417,17.29166667,2216.666667,31.75,2012.0,전북 전주시 인후동1가 팽나무6길,127.156474075,35.834857783000004,24,24,24,24,24,24,24,24
월세,인후동1가,한배미1길,39.12666667,202047.8333,14.33333333,635.4166667000002,23.33333333,2006.6,전북 전주시 인후동1가 한배미1길,127.163786199,35.82434564,12,12,12,12,12,12,12,12
월세,인후동1가,한배미2길,30.5,202006.5,13.5,100.0,25.0,2007.5,전북 전주시 인후동1가 한배미2길,127.165194932,35.825243005,2,2,2,2,2,2,2,2
월세,인후동1가,한배미3길,42.37125,202021.375,17.625,1925.0,26.875,2003.1666670000002,전북 전주시 인후동1가 한배미3길,127.165615683,35.824975775,8,8,8,8,8,8,8,8
월세,인후동1가,한배미4길,39.57882353,202029.0,13.76470588,2152.9411760000007,26.52941176,2011.357143,전북 전주시 인후동1가 한배미4길,127.166036678,35.824502757,17,17,17,17,17,17,17,17
월세,인후동1가,한배미5길,39.66105263,202012.5789,19.21052632,2121.052632,24.73684211,2006.9285710000001,전북 전주시 인후동1가 한배미5길,127.167286049,35.823490111999995,19,19,19,19,19,19,19,19
월세,인후동1가,한배미6길,51.22181818,202033.8182,14.27272727,2600.0,24.90909091,2008.0,전북 전주시 인후동1가 한배미6길,127.16838751799999,35.82341391,11,11,11,11,11,11,11,11
월세,인후동1가,한배미로,92.25,202032.75,17.5,4250.0,56.25,2012.75,전북 전주시 인후동1가 한배미로,127.16646821399999,35.82509678,4,4,4,4,4,4,4,4
월세,인후동2가,거북바우로,59.165,202037.2,15.8,470.0,35.3,2002.1,전북 전주시 인후동2가 거북바우로,127.14674161100001,35.841669399999994,10,10,10,10,10,10,10,10
월세,인후동2가,건지3길,38.7375,202055.5,9.0,3600.0,21.5,2014.0,전북 전주시 인후동2가 건지3길,127.144192519,35.845031221,4,4,4,4,4,4,4,4
월세,인후동2가,건지4길,36.16333333,202091.2222,17.55555556,1322.222222,34.77777778,2013.714286,전북 전주시 인후동2가 건지4길,127.14579021200001,35.845506531,9,9,9,9,9,9,9,9
월세,인후동2가,견훤왕궁로,39.58,202044.6,12.2,400.0,38.0,2016.0,전북 전주시 인후동2가 견훤왕궁로,127.146327234,35.839877133,5,5,5,5,5,5,5,5
월세,인후동2가,명주1길,45.076,202026.1,21.3,3350.0,18.6,2009.857143,전북 전주시 인후동2가 명주1길,127.145423922,35.843611539,10,10,10,10,10,10,10,10
월세,인후동2가,명주2길,52.83454545,202033.7273,16.18181818,3930.818182,23.81818182,2010.285714,전북 전주시 인후동2가 명주2길,127.146208282,35.843744367,11,11,11,11,11,11,11,11
월세,인후동2가,명주3길,70.13666667,202103.0,19.0,1133.333333,26.66666667,1997.0,전북 전주시 인후동2가 명주3길,127.14793905200001,35.844033603,3,3,3,3,3,3,3,3
월세,인후동2가,명주5길,69.75,202101.5,15.0,750.0,49.0,2015.0,전북 전주시 인후동2가 명주5길,127.150124079,35.844969124,2,2,2,2,2,2,2,2
월세,인후동2가,명주6길,85.7,202056.5,12.25,650.0,30.25,2006.5,전북 전주시 인후동2가 명주6길,127.151873188,35.845484355,4,4,4,4,4,4,4,4
월세,인후동2가,모래내6길,24.76,202009.5,25.5,100.0,12.5,1977.5,전북 전주시 인후동2가 모래내6길,127.14518540200001,35.835229332,2,2,2,2,2,2,2,2
월세,인후동2가,모래내7길,72.51,202010.0,8.0,1000.0,30.0,1989.0,전북 전주시 인후동2가 모래내7길,127.14540110899999,35.834760319000004,1,1,1,1,1,1,1,1
월세,인후동2가,백동1길,70.0,202007.0,24.0,5500.0,10.0,2009.0,전북 전주시 인후동2가 백동1길,127.146815769,35.84601821,1,1,1,1,1,1,1,1
월세,인후동2가,백동5길,130.0,202010.0,11.0,1000.0,30.0,,전북 전주시 인후동2가 백동5길,127.150500221,35.846979464,1,1,1,1,1,1,1,1
월세,인후동2가,백동6길,47.6175,202078.0,14.75,3575.0,29.5,2005.3333329999998,전북 전주시 인후동2가 백동6길,127.151674054,35.847248441,4,4,4,4,4,4,4,4
월세,인후동2가,백동로,77.12666667,202009.3333,24.0,1666.666667,37.66666667,1985.3333329999998,전북 전주시 인후동2가 백동로,127.147672024,35.847036309,3,3,3,3,3,3,3,3
월세,인후동2가,심방죽3길,47.64333333,202072.0,16.33333333,985.6666667000003,26.33333333,2013.6666670000002,전북 전주시 인후동2가 심방죽3길,127.151121431,35.83972745,3,3,3,3,3,3,3,3
월세,인후동2가,심방죽6길,45.0,202009.0,17.0,1000.0,32.0,2018.0,전북 전주시 인후동2가 심방죽6길,127.150772802,35.840613886999996,1,1,1,1,1,1,1,1
월세,인후동2가,심방죽로,50.875,202008.5,13.5,4000.0,22.5,2019.0,전북 전주시 인후동2가 심방죽로,127.15054754200001,35.8371514,2,2,2,2,2,2,2,2
월세,인후동2가,안덕원로,30.0,202102.0,16.0,200.0,18.0,1982.0,전북 전주시 인후동2가 안덕원로,127.146189764,35.834370607,1,1,1,1,1,1,1,1
월세,인후동2가,작은모래내1길,43.94,202102.0,20.0,500.0,20.0,1988.0,전북 전주시 인후동2가 작은모래내1길,127.14623378200001,35.832903947,1,1,1,1,1,1,1,1
월세,장동,원장동길,55.0,202102.0,5.0,2000.0,48.0,2014.0,전북 전주시 장동 원장동길,127.060952536,35.851664975,1,1,1,1,1,1,1,1
월세,장동,틀못2길,100.47,202008.5,13.0,15000.0,37.5,2017.5,전북 전주시 장동 틀못2길,127.063167658,35.842111487,2,2,2,2,2,2,2,2
월세,전미동2가,전미월평4길,145.2,202004.0,1.0,3000.0,21.0,1999.0,전북 전주시 전미동2가 전미월평4길,127.104666855,35.883262646999995,1,1,1,1,1,1,1,1
월세,중동,오정1길,81.91,202025.8182,16.54545455,3363.636364,44.81818182,2014.2222219999999,전북 전주시 중동 오정1길,127.060422385,35.835894939,11,11,11,11,11,11,11,11
월세,중동,오정2길,60.75,202032.5,15.25,3575.0,37.75,2014.0,전북 전주시 중동 오정2길,127.061363753,35.835884561,4,4,4,4,4,4,4,4
월세,진북동,건산1길,59.97,202103.0,25.0,5235.0,4.0,,전북 전주시 진북동 건산1길,127.141972056,35.830932254000004,1,1,1,1,1,1,1,1
월세,진북동,건산2길,116.07,202004.0,27.0,1000.0,38.0,1990.0,전북 전주시 진북동 건산2길,127.14130821299999,35.831554571999995,1,1,1,1,1,1,1,1
월세,진북동,건산3길,41.66666667,202008.0,17.33333333,700.0,24.33333333,1991.3333329999998,전북 전주시 진북동 건산3길,127.14053391899999,35.832141189,3,3,3,3,3,3,3,3
월세,진북동,건산4길,57.8,202009.4,15.0,3200.0,31.6,2012.4,전북 전주시 진북동 건산4길,127.139858889,35.832768247,5,5,5,5,5,5,5,5
월세,진북동,건산로,48.0,202101.0,27.5,1650.0,32.5,2014.5,전북 전주시 진북동 건산로,127.139196842,35.833028773,2,2,2,2,2,2,2,2
월세,진북동,공북1길,39.82,202028.4,11.6,1780.0,25.4,2011.8,전북 전주시 진북동 공북1길,127.13724987,35.82709697,5,5,5,5,5,5,5,5
월세,진북동,공북5길,39.6,202011.0,13.0,4500.0,10.0,,전북 전주시 진북동 공북5길,127.13986135399999,35.828550532,1,1,1,1,1,1,1,1
월세,진북동,공북로,112.0,202007.0,8.0,1500.0,50.0,1979.0,전북 전주시 진북동 공북로,127.13306854700001,35.824997229000004,1,1,1,1,1,1,1,1
월세,진북동,권삼득로,55.16666667,202103.0,19.66666667,433.33333330000005,38.33333333,2021.0,전북 전주시 진북동 권삼득로,127.14403402399999,35.829850179,3,3,3,3,3,3,3,3
월세,진북동,반촌1길,87.49,202101.0,31.0,5000.0,21.0,2006.0,전북 전주시 진북동 반촌1길,127.143167911,35.830508459,1,1,1,1,1,1,1,1
월세,진북동,반촌5길,47.97,202010.0,22.0,7000.0,15.0,,전북 전주시 진북동 반촌5길,127.144657115,35.829634614,1,1,1,1,1,1,1,1
월세,진북동,반촌8길,30.6,202004.0,22.0,200.0,10.0,1994.0,전북 전주시 진북동 반촌8길,127.146213281,35.83069629,1,1,1,1,1,1,1,1
월세,진북동,반촌로,59.28666667,202039.3333,19.0,3500.0,21.0,2013.0,전북 전주시 진북동 반촌로,127.14599051799999,35.82903119,3,3,3,3,3,3,3,3
월세,진북동,벚꽃3길,38.46375,202030.25,13.875,2537.5,33.625,2017.0,전북 전주시 진북동 벚꽃3길,127.133835748,35.827863420999996,8,8,8,8,8,8,8,8
월세,진북동,벚꽃로,40.0,202010.5,15.0,1000.0,15.0,1990.0,전북 전주시 진북동 벚꽃로,127.134338536,35.829402744,2,2,2,2,2,2,2,2
월세,진북동,숲정이1길,38.11333333,202007.0,22.66666667,600.0,31.66666667,2006.6666670000002,전북 전주시 진북동 숲정이1길,127.12934341200001,35.829756092,3,3,3,3,3,3,3,3
월세,진북동,숲정이2길,33.8625,202039.0833,12.33333333,1266.666667,20.08333333,2005.181818,전북 전주시 진북동 숲정이2길,127.130899536,35.829300505,12,12,12,12,12,12,12,12
월세,진북동,숲정이3길,58.145,202101.0,9.0,300.0,37.0,2018.0,전북 전주시 진북동 숲정이3길,127.131872004,35.828771598,2,2,2,2,2,2,2,2
월세,진북동,숲정이4길,43.2,202010.0,12.0,500.0,20.0,1989.0,전북 전주시 진북동 숲정이4길,127.132573008,35.83004446,1,1,1,1,1,1,1,1
월세,진북동,숲정이5길,27.04,202006.0,30.0,3000.0,30.0,2020.0,전북 전주시 진북동 숲정이5길,127.134496804,35.832068648,1,1,1,1,1,1,1,1
월세,진북동,숲정이로,99.0,202103.0,2.0,2000.0,60.0,1995.0,전북 전주시 진북동 숲정이로,127.133735215,35.832557301,1,1,1,1,1,1,1,1
월세,진북동,전주천동로,109.09,202004.0,30.0,1000.0,25.0,1977.0,전북 전주시 진북동 전주천동로,127.132484415,35.824659172,1,1,1,1,1,1,1,1
월세,진북동,전주천서로,97.05,202102.0,23.0,1000.0,25.0,,전북 전주시 진북동 전주천서로,127.134312533,35.821047799,1,1,1,1,1,1,1,1
월세,진북동,진북2길,120.31,202010.0,27.0,1500.0,20.0,1976.0,전북 전주시 진북동 진북2길,127.134927034,35.826266372,1,1,1,1,1,1,1,1
월세,진북동,태진로,23.0,202056.5,19.0,750.0,23.0,2018.0,전북 전주시 진북동 태진로,127.13651074399999,35.830435375,2,2,2,2,2,2,2,2
월세,진북동,팔달로,61.0,202009.0,22.0,10000.0,10.5,2018.0,전북 전주시 진북동 팔달로,127.14262342,35.828194559,2,2,2,2,2,2,2,2
월세,팔복동1가,신복3길,36.55666667,202007.6667,17.33333333,2733.333333,21.0,2012.0,전북 전주시 팔복동1가 신복3길,127.108190575,35.853422627,3,3,3,3,3,3,3,3
월세,팔복동1가,신복5길,32.12,202071.3333,14.66666667,166.66666669999995,25.33333333,2006.6666670000002,전북 전주시 팔복동1가 신복5길,127.105561182,35.854333773,3,3,3,3,3,3,3,3
월세,팔복동1가,신복6길,33.0,202102.0,15.0,200.0,20.0,1990.0,전북 전주시 팔복동1가 신복6길,127.10498927299999,35.854456180999996,1,1,1,1,1,1,1,1
월세,팔복동2가,추천4길,37.97333333,202007.0,12.0,266.6666667,27.0,2001.3333329999998,전북 전주시 팔복동2가 추천4길,127.110000087,35.850817373000005,3,3,3,3,3,3,3,3
월세,팔복동2가,추천5길,56.0,202008.0,15.0,200.0,28.0,2017.0,전북 전주시 팔복동2가 추천5길,127.10972668299999,35.850743951999995,1,1,1,1,1,1,1,1
월세,팔복동2가,팔복7길,50.0,202005.0,24.0,300.0,38.0,2016.0,전북 전주시 팔복동2가 팔복7길,127.10430765,35.856155018,1,1,1,1,1,1,1,1
월세,호성동1가,초포다리로,20.0,202101.0,23.0,2000.0,100.0,2019.0,전북 전주시 호성동1가 초포다리로,127.159758949,35.86597223,1,1,1,1,1,1,1,1
월세,호성동1가,호성3길,38.1,202054.0,8.5,500.0,30.0,2013.0,전북 전주시 호성동1가 호성3길,127.151481656,35.860386197,2,2,2,2,2,2,2,2
월세,호성동2가,한사월길,32.2,202005.0,20.0,500.0,30.0,1975.0,전북 전주시 호성동2가 한사월길,127.14615871299999,35.885397783,1,1,1,1,1,1,1,1
전세,고랑동,여산로,66.28571429,202023.5714,23.28571429,8250.0,0.0,2013.0,전북 전주시 고랑동 여산로,127.084249626,35.873475859,7,7,7,7,7,7,7,7
전세,고랑동,쪽구름5길,51.34,202056.5,15.0,5500.0,0.0,2014.0,전북 전주시 고랑동 쪽구름5길,127.07695085200001,35.876593435,2,2,2,2,2,2,2,2
전세,금암동,거북바우3길,40.058,202026.4,21.8,5160.0,0.0,1994.5,전북 전주시 금암동 거북바우3길,127.138519646,35.837836218,5,5,5,5,5,5,5,5
전세,금암동,건지2길,50.86600000000001,202026.2,19.0,7600.0,0.0,2010.2,전북 전주시 금암동 건지2길,127.141427075,35.844227176,5,5,5,5,5,5,5,5
전세,금암동,건지3길,28.1,202012.0,21.0,4000.0,0.0,2005.0,전북 전주시 금암동 건지3길,127.143905538,35.845144585,2,2,2,2,2,2,2,2
전세,금암동,건지로,37.5,202102.0,19.0,7000.0,0.0,2021.0,전북 전주시 금암동 건지로,127.140425008,35.847715016,1,1,1,1,1,1,1,1
전세,금암동,권삼득로,33.44862069,202053.5862,13.34482759,5189.655172,0.0,2009.7777780000001,전북 전주시 금암동 권삼득로,127.138785089,35.833575944,29,29,29,29,29,29,29,29
전세,금암동,금암1길,34.8075,202063.6667,9.583333332999999,5550.0,0.0,2013.25,전북 전주시 금암동 금암1길,127.13377712399999,35.840070694,12,12,12,12,12,12,12,12
전세,금암동,금암2길,62.03666667,202070.6667,16.66666667,9666.666667,0.0,2018.0,전북 전주시 금암동 금암2길,127.13431261,35.840350763000004,3,3,3,3,3,3,3,3
전세,금암동,금암3길,42.48727273,202035.0,16.63636364,7727.272727,0.0,2011.2,전북 전주시 금암동 금암3길,127.13792837,35.841436011999996,11,11,11,11,11,11,11,11
전세,금암동,금암4길,31.22166667,202056.1667,19.83333333,4916.666667,0.0,2018.25,전북 전주시 금암동 금암4길,127.129037668,35.837816116,6,6,6,6,6,6,6,6
전세,금암동,금암5길,32.32185185,202044.0,15.14814815,5407.407407,0.0,2014.888889,전북 전주시 금암동 금암5길,127.13686151899999,35.83868234,27,27,27,27,27,27,27,27
전세,금암동,금암6길,63.90428571,202007.1429,16.28571429,7889.285714,0.0,2006.285714,전북 전주시 금암동 금암6길,127.13573840299999,35.837914298,7,7,7,7,7,7,7,7
전세,금암동,기린대로,27.35190476,202035.61899999998,15.9047619,5261.904762,0.0,2012.3333329999998,전북 전주시 금암동 기린대로,127.13312199200001,35.837431476999996,21,21,21,21,21,21,21,21
전세,금암동,떡전1길,26.0,202011.0,16.0,4500.0,0.0,2014.0,전북 전주시 금암동 떡전1길,127.127058222,35.835040950999996,1,1,1,1,1,1,1,1
전세,금암동,떡전3길,46.57,202007.6667,14.0,6000.0,0.0,2018.6666670000002,전북 전주시 금암동 떡전3길,127.12791742700001,35.837564115,3,3,3,3,3,3,3,3
전세,금암동,떡전4길,37.088125,202031.5625,18.125,5775.0,0.0,2012.875,전북 전주시 금암동 떡전4길,127.129037668,35.837816116,16,16,16,16,16,16,16,16
전세,금암동,떡전5길,21.0,202007.0,20.5,4000.0,0.0,2012.0,전북 전주시 금암동 떡전5길,127.12999742,35.838612672,2,2,2,2,2,2,2,2
전세,금암동,떡전로,70.38333333,202040.3333,14.33333333,10000.0,0.0,2011.5,전북 전주시 금암동 떡전로,127.12767110600001,35.835631446,3,3,3,3,3,3,3,3
전세,금암동,매봉12길,30.0,202009.0,5.0,5000.0,0.0,2017.0,전북 전주시 금암동 매봉12길,127.14147545200001,35.839645984,1,1,1,1,1,1,1,1
전세,금암동,매봉15길,45.0,202009.0,23.0,3250.0,0.0,2009.0,전북 전주시 금암동 매봉15길,127.14215059,35.838986452,2,2,2,2,2,2,2,2
전세,금암동,매봉1길,28.91666667,202047.9167,16.41666667,4916.666667,0.0,2003.0,전북 전주시 금암동 매봉1길,127.141464586,35.842383584000004,12,12,12,12,12,12,12,12
전세,금암동,매봉2길,26.55555556,202061.4444,19.55555556,3722.222222,0.0,2000.6666670000002,전북 전주시 금암동 매봉2길,127.14045611700001,35.841961397,9,9,9,9,9,9,9,9
전세,금암동,매봉3길,31.266,202046.8,12.8,4360.0,0.0,2009.5,전북 전주시 금암동 매봉3길,127.14183562,35.842197327,5,5,5,5,5,5,5,5
전세,금암동,매봉4길,23.75,202077.5,20.25,3500.0,0.0,2012.0,전북 전주시 금암동 매봉4길,127.13991995,35.841929836999995,4,4,4,4,4,4,4,4
전세,금암동,매봉5길,41.82,202007.6667,10.0,4500.0,0.0,1987.0,전북 전주시 금암동 매봉5길,127.14184683200001,35.841336682,3,3,3,3,3,3,3,3
전세,금암동,매봉6길,38.22222222,202061.0,18.22222222,6277.777778,0.0,2018.111111,전북 전주시 금암동 매봉6길,127.140781944,35.841092517,9,9,9,9,9,9,9,9
전세,금암동,매봉7길,33.508,202064.6,12.8,4000.0,0.0,2001.0,전북 전주시 금암동 매봉7길,127.142193618,35.841018573,5,5,5,5,5,5,5,5
전세,금암동,매봉8길,59.58,202009.3333,10.33333333,4166.666667,0.0,1987.5,전북 전주시 금암동 매봉8길,127.14021404399999,35.84062367,3,3,3,3,3,3,3,3
전세,금암동,명륜1길,23.675,202053.0,20.5,4450.0,0.0,2002.0,전북 전주시 금암동 명륜1길,127.12954966,35.840607856,2,2,2,2,2,2,2,2
전세,금암동,모래내2길,39.6,202006.0,19.0,1500.0,0.0,2002.0,전북 전주시 금암동 모래내2길,127.140223705,35.834324812,1,1,1,1,1,1,1,1
전세,금암동,모래내9길,76.34,202102.0,1.0,7500.0,0.0,1994.0,전북 전주시 금암동 모래내9길,127.144695695,35.836696343,1,1,1,1,1,1,1,1
전세,금암동,백제대로,29.09692308,202066.0769,13.61538462,4384.615385,0.0,2003.8,전북 전주시 금암동 백제대로,127.131381799,35.839743593,13,13,13,13,13,13,13,13
전세,금암동,삼송1길,20.96,202064.4,14.0,4400.0,0.0,2003.4,전북 전주시 금암동 삼송1길,127.13281059200001,35.841477741999995,5,5,5,5,5,5,5,5
전세,금암동,삼송3길,28.65,202012.0,26.0,2000.0,0.0,,전북 전주시 금암동 삼송3길,127.135233414,35.84210187,3,3,3,3,3,3,3,3
전세,금암동,삼송5길,32.966,202064.8,17.2,5500.0,0.0,2016.2,전북 전주시 금암동 삼송5길,127.13790060299999,35.842917881,5,5,5,5,5,5,5,5
전세,금암동,용산2길,49.54,202008.0,5.0,6000.0,0.0,,전북 전주시 금암동 용산2길,127.131227884,35.835968296,1,1,1,1,1,1,1,1
전세,금암동,전주천동로,81.48,202056.0,10.0,8000.0,0.0,2015.5,전북 전주시 금암동 전주천동로,127.12949251299999,35.836018576,2,2,2,2,2,2,2,2
전세,금암동,조경단로,68.83800000000001,202027.8,10.4,8780.0,0.0,2016.6666670000002,전북 전주시 금암동 조경단로,127.136126715,35.846297158,5,5,5,5,5,5,5,5
전세,금암동,태진로,64.35,202011.0,18.0,6000.0,0.0,,전북 전주시 금암동 태진로,127.13531687,35.832295425,1,1,1,1,1,1,1,1
전세,금암동,팔달로,49.5,202011.6,14.6,7900.0,0.0,2020.0,전북 전주시 금암동 팔달로,127.13612392799999,35.833116800999996,5,5,5,5,5,5,5,5
전세,덕진동1가,가리내로,40.04,202011.0,13.0,5000.0,0.0,,전북 전주시 덕진동1가 가리내로,127.12490716100001,35.835315916,1,1,1,1,1,1,1,1
전세,덕진동1가,권삼득로,36.125,202079.25,15.0,5500.0,0.0,2000.0,전북 전주시 덕진동1가 권삼득로,127.12684831899999,35.844082205999996,4,4,4,4,4,4,4,4
전세,덕진동1가,기린대로,26.5,202056.0,19.0,3150.0,0.0,,전북 전주시 덕진동1가 기린대로,127.127937503,35.84160918,2,2,2,2,2,2,2,2
전세,덕진동1가,덕진연못1길,21.32333333,202069.3333,21.66666667,3666.666667,0.0,1993.0,전북 전주시 덕진동1가 덕진연못1길,127.12375509399999,35.844712912,3,3,3,3,3,3,3,3
전세,덕진동1가,덕진연못3길,47.35,202007.0,28.0,4500.0,0.0,2011.0,전북 전주시 덕진동1가 덕진연못3길,127.12044665100001,35.846957632,1,1,1,1,1,1,1,1
전세,덕진동1가,들사평1길,39.54166667,202063.25,17.66666667,5041.666667,0.0,2013.2222219999999,전북 전주시 덕진동1가 들사평1길,127.120410029,35.839094246,12,12,12,12,12,12,12,12
전세,덕진동1가,들사평2길,82.9625,202032.375,18.375,11375.0,0.0,2005.5,전북 전주시 덕진동1가 들사평2길,127.121058534,35.840474198,8,8,8,8,8,8,8,8
전세,덕진동1가,들사평3길,46.07636364,202042.2727,14.27272727,7227.272727,0.0,2012.7,전북 전주시 덕진동1가 들사평3길,127.12288850200001,35.840647705,11,11,11,11,11,11,11,11
전세,덕진동1가,들사평4길,30.0,202004.0,27.0,2500.0,0.0,2002.0,전북 전주시 덕진동1가 들사평4길,127.123790814,35.840942518,1,1,1,1,1,1,1,1
전세,덕진동1가,들사평5길,26.1,202011.0,4.0,5000.0,0.0,,전북 전주시 덕진동1가 들사평5길,127.12382814,35.842463347,1,1,1,1,1,1,1,1
전세,덕진동1가,들사평로,50.06666667,202040.3333,20.66666667,6500.0,0.0,2019.0,전북 전주시 덕진동1가 들사평로,127.121555609,35.838273070999996,3,3,3,3,3,3,3,3
전세,덕진동1가,들사평서로,45.97333333,202069.3333,18.66666667,4833.333333,0.0,2017.6666670000002,전북 전주시 덕진동1가 들사평서로,127.12193394200001,35.836594774,3,3,3,3,3,3,3,3
전세,덕진동1가,떡전1길,54.98,202101.0,30.0,3000.0,0.0,1974.0,전북 전주시 덕진동1가 떡전1길,127.126095366,35.835578894,1,1,1,1,1,1,1,1
전세,덕진동1가,떡전2길,45.0,202008.0,15.5,6750.0,0.0,2018.0,전북 전주시 덕진동1가 떡전2길,127.12591365600001,35.836148903,2,2,2,2,2,2,2,2
전세,덕진동1가,떡전로,48.0,202006.0,13.0,5000.0,0.0,2018.0,전북 전주시 덕진동1가 떡전로,127.127064755,35.835594576,1,1,1,1,1,1,1,1
전세,덕진동1가,명륜4길,25.0,202101.0,9.0,4000.0,0.0,2011.0,전북 전주시 덕진동1가 명륜4길,127.12664997,35.842581243000005,1,1,1,1,1,1,1,1
전세,덕진동1가,명륜5길,20.66,202056.5,28.0,3500.0,0.0,2011.0,전북 전주시 덕진동1가 명륜5길,127.12550645,35.843161843000004,2,2,2,2,2,2,2,2
전세,덕진동1가,사평3길,27.4875,202056.25,11.75,4600.0,0.0,2013.3333329999998,전북 전주시 덕진동1가 사평3길,127.122372057,35.844178576,4,4,4,4,4,4,4,4
전세,덕진동1가,사평로,41.5,202006.5,19.5,3950.0,0.0,2002.0,전북 전주시 덕진동1가 사평로,127.118666225,35.83855955,2,2,2,2,2,2,2,2
전세,덕진동2가,가련산로,38.608000000000004,202046.8,13.2,6600.0,0.0,2018.0,전북 전주시 덕진동2가 가련산로,127.110552732,35.84066652,5,5,5,5,5,5,5,5
전세,덕진동2가,가리내10길,61.57888889,202027.2222,13.77777778,8500.0,0.0,2014.111111,전북 전주시 덕진동2가 가리내10길,127.11055699100001,35.842221169,9,9,9,9,9,9,9,9
전세,덕진동2가,가리내1길,40.49625,202055.625,12.5,4625.0,0.0,2011.6666670000002,전북 전주시 덕진동2가 가리내1길,127.111546546,35.847175688,8,8,8,8,8,8,8,8
전세,덕진동2가,가리내2길,57.81875,202030.875,11.0,7812.5,0.0,2012.285714,전북 전주시 덕진동2가 가리내2길,127.11138765,35.846811646,8,8,8,8,8,8,8,8
전세,덕진동2가,가리내3길,54.395625,202019.9375,16.75,7500.0,0.0,2012.9166670000002,전북 전주시 덕진동2가 가리내3길,127.111423886,35.846416557,16,16,16,16,16,16,16,16
전세,덕진동2가,가리내5길,74.0,202056.75,20.5,6750.0,0.0,2012.25,전북 전주시 덕진동2가 가리내5길,127.111238254,35.847362983000004,4,4,4,4,4,4,4,4
전세,덕진동2가,가리내6길,71.61,202043.5,16.4375,7781.25,0.0,2013.125,전북 전주시 덕진동2가 가리내6길,127.11041077,35.845073825,16,16,16,16,16,16,16,16
전세,덕진동2가,가리내7길,59.4,202101.0,17.0,7000.0,0.0,2012.0,전북 전주시 덕진동2가 가리내7길,127.11108826200001,35.847424575,1,1,1,1,1,1,1,1
전세,덕진동2가,가리내8길,54.14875,202025.3125,15.0625,7700.0,0.0,2013.4375,전북 전주시 덕진동2가 가리내8길,127.111629783,35.843399782,16,16,16,16,16,16,16,16
전세,덕진동2가,가리내9길,63.4275,202008.75,12.5,6375.0,0.0,2014.0,전북 전주시 덕진동2가 가리내9길,127.110918565,35.847512503000004,4,4,4,4,4,4,4,4
전세,덕진동2가,경동로,62.7,202005.0,10.0,8000.0,0.0,2014.0,전북 전주시 덕진동2가 경동로,127.106600124,35.843838667,1,1,1,1,1,1,1,1
전세,덕진동2가,권삼득로,53.1,202009.5,18.0,6750.0,0.0,2016.0,전북 전주시 덕진동2가 권삼득로,127.12684831899999,35.844082205999996,2,2,2,2,2,2,2,2
전세,덕진동2가,기린대로,84.095,202005.0,16.5,10500.0,0.0,2014.5,전북 전주시 덕진동2가 기린대로,127.127937503,35.84160918,2,2,2,2,2,2,2,2
전세,덕진동2가,하가1길,48.90857143,202021.0,12.71428571,5285.714286,0.0,2018.8333329999998,전북 전주시 덕진동2가 하가1길,127.11573071,35.847531223000004,7,7,7,7,7,7,7,7
전세,덕진동2가,하가2길,95.4025,202031.25,18.75,6900.0,0.0,1978.0,전북 전주시 덕진동2가 하가2길,127.114711125,35.846809164,4,4,4,4,4,4,4,4
전세,덕진동2가,하가4길,82.4,202006.0,29.0,6000.0,0.0,1979.0,전북 전주시 덕진동2가 하가4길,127.113335137,35.848670838000004,1,1,1,1,1,1,1,1
전세,덕진동2가,하가로,54.00142857,202019.7143,13.14285714,9000.0,0.0,2013.5714289999999,전북 전주시 덕진동2가 하가로,127.112996097,35.84845454,7,7,7,7,7,7,7,7
전세,덕진동2가,호반1길,56.0,202010.0,24.0,6000.0,0.0,,전북 전주시 덕진동2가 호반1길,127.118287774,35.848843804,1,1,1,1,1,1,1,1
전세,덕진동2가,호반2길,37.25,202078.25,19.5,6000.0,0.0,2017.5,전북 전주시 덕진동2가 호반2길,127.11901957100001,35.84961788,4,4,4,4,4,4,4,4
전세,덕진동2가,호반3길,30.0,202102.0,9.0,5000.0,0.0,,전북 전주시 덕진동2가 호반3길,127.117289784,35.849243071,1,1,1,1,1,1,1,1
전세,덕진동2가,호반4길,47.69,202033.5,20.75,5375.0,0.0,2002.75,전북 전주시 덕진동2가 호반4길,127.11847905299999,35.850437055,4,4,4,4,4,4,4,4
전세,덕진동2가,호반5길,41.7,202033.5333,11.86666667,5100.0,0.0,2012.0,전북 전주시 덕진동2가 호반5길,127.115784085,35.849456759,15,15,15,15,15,15,15,15
전세,덕진동2가,호반6길,42.093999999999994,202046.3,11.0,5850.0,0.0,2012.0,전북 전주시 덕진동2가 호반6길,127.11767507399999,35.850716739,10,10,10,10,10,10,10,10
전세,덕진동2가,호반8길,39.332,202074.0,14.9,4800.0,0.0,2014.4444440000002,전북 전주시 덕진동2가 호반8길,127.115445299,35.851148912,10,10,10,10,10,10,10,10
전세,만성동,두현길,28.34703704,202040.5185,16.25925926,5555.555556,0.0,2017.115385,전북 전주시 만성동 두현길,127.073257128,35.832020029,27,27,27,27,27,27,27,27
전세,만성동,만성남1길,95.8475,202009.5,14.0,18375.0,0.0,2017.3333329999998,전북 전주시 만성동 만성남1길,127.070189073,35.841490773000004,4,4,4,4,4,4,4,4
전세,만성동,만성남2길,81.15,202040.6667,19.66666667,13333.33333,0.0,2018.0,전북 전주시 만성동 만성남2길,127.07177461799999,35.839299716,3,3,3,3,3,3,3,3
전세,만성동,만성남4길,85.734,202010.4,22.4,12000.0,0.0,2018.2,전북 전주시 만성동 만성남4길,127.07222417,35.841108004,5,5,5,5,5,5,5,5
전세,만성동,만성남5길,112.91,202007.0,11.0,17000.0,0.0,2017.0,전북 전주시 만성동 만성남5길,127.07256909,35.84079154,1,1,1,1,1,1,1,1
전세,만성동,만성남7길,53.18,202011.0,30.0,8400.0,0.0,2017.0,전북 전주시 만성동 만성남7길,127.072232056,35.839220773,1,1,1,1,1,1,1,1
전세,만성동,만성남8길,78.41,202008.5,2.5,13500.0,0.0,2017.0,전북 전주시 만성동 만성남8길,127.07266282799999,35.839051363,2,2,2,2,2,2,2,2
전세,만성동,만성남로,66.24666667,202009.6667,20.66666667,10000.0,0.0,2018.0,전북 전주시 만성동 만성남로,127.071197743,35.840262668,3,3,3,3,3,3,3,3
전세,만성동,만성로,110.64,202011.4,15.4,15700.0,0.0,2016.5,전북 전주시 만성동 만성로,127.07258206799999,35.842151062,5,5,5,5,5,5,5,5
전세,만성동,만성북1길,126.3271429,202009.1429,20.28571429,17357.14286,0.0,2018.5714289999999,전북 전주시 만성동 만성북1길,127.076978434,35.8493213,7,7,7,7,7,7,7,7
전세,만성동,만성북2길,99.77,202026.8,19.0,17400.0,0.0,2019.8,전북 전주시 만성동 만성북2길,127.075495948,35.84940554,5,5,5,5,5,5,5,5
전세,만성동,만성북3길,65.83333333,202008.3333,13.0,12666.66667,0.0,2019.0,전북 전주시 만성동 만성북3길,127.076000619,35.848637047,3,3,3,3,3,3,3,3
전세,만성동,만성북4길,118.57,202009.3333,21.33333333,18000.0,0.0,2019.0,전북 전주시 만성동 만성북4길,127.074701246,35.847772371,3,3,3,3,3,3,3,3
전세,만성동,만성용흥길,40.0,202010.0,19.0,7000.0,0.0,2018.0,전북 전주시 만성동 만성용흥길,127.07247166,35.828790656,1,1,1,1,1,1,1,1
전세,만성동,만성중앙로,64.4125,202055.0,16.0,15250.0,0.0,2019.75,전북 전주시 만성동 만성중앙로,127.073463858,35.844470108,4,4,4,4,4,4,4,4
전세,만성동,월방1길,101.0925,202044.0,19.25,15125.0,0.0,2017.285714,전북 전주시 만성동 월방1길,127.069411593,35.833450155,8,8,8,8,8,8,8,8
전세,만성동,월방2길,116.64,202071.6667,18.66666667,23000.0,0.0,2017.6666670000002,전북 전주시 만성동 월방2길,127.071942434,35.833401294,3,3,3,3,3,3,3,3
전세,만성동,월방3길,139.88,202054.5,26.0,18000.0,0.0,2016.5,전북 전주시 만성동 월방3길,127.069948508,35.834675456,2,2,2,2,2,2,2,2
전세,만성동,월방4길,120.21,202005.5,24.5,15000.0,0.0,2017.0,전북 전주시 만성동 월방4길,127.072141863,35.833795934,2,2,2,2,2,2,2,2
전세,만성동,월방5길,106.25,202009.0,13.0,17500.0,0.0,2017.0,전북 전주시 만성동 월방5길,127.072191626,35.834448415,2,2,2,2,2,2,2,2
전세,만성동,월방6길,97.175,202055.5,9.0,8000.0,0.0,2015.5,전북 전주시 만성동 월방6길,127.07194941899999,35.835495073000004,2,2,2,2,2,2,2,2
전세,만성동,월방7길,73.43,202009.6667,22.33333333,11166.66667,0.0,2017.6666670000002,전북 전주시 만성동 월방7길,127.073009034,35.835658023,3,3,3,3,3,3,3,3
전세,만성동,월방8길,92.78166667,202006.6667,19.0,14916.666669999999,0.0,2016.6666670000002,전북 전주시 만성동 월방8길,127.07339987200001,35.836588932,6,6,6,6,6,6,6,6
전세,반월동,실리2길,82.14,202007.0,30.0,5000.0,0.0,1996.0,전북 전주시 반월동 실리2길,127.069978228,35.870745577,1,1,1,1,1,1,1,1
전세,산정동,건산로,61.36666667,202006.0,14.33333333,7000.0,0.0,2017.0,전북 전주시 산정동 건산로,127.16932745700001,35.836618032,3,3,3,3,3,3,3,3
전세,산정동,산정1길,45.0,202005.0,14.0,5000.0,0.0,2014.0,전북 전주시 산정동 산정1길,127.16890519299999,35.836990581,1,1,1,1,1,1,1,1
전세,산정동,산정2길,45.0,202011.0,17.0,5300.0,0.0,2019.0,전북 전주시 산정동 산정2길,127.169261606,35.837238891,1,1,1,1,1,1,1,1
전세,산정동,아중천2길,47.2,202046.6,14.6,3400.0,0.0,2008.4,전북 전주시 산정동 아중천2길,127.170938852,35.836379949,5,5,5,5,5,5,5,5
전세,송천동1가,두간5길,143.645,202006.5,19.0,16500.0,0.0,2017.0,전북 전주시 송천동1가 두간5길,127.117739875,35.864445624,2,2,2,2,2,2,2,2
전세,송천동1가,사근1길,100.0,202011.0,26.0,22000.0,0.0,2016.0,전북 전주시 송천동1가 사근1길,127.128148113,35.866453581,2,2,2,2,2,2,2,2
전세,송천동1가,솔내1길,52.22230769,202040.3077,18.19230769,6684.615385,0.0,2008.0,전북 전주시 송천동1가 솔내1길,127.121266726,35.852223496,26,26,26,26,26,26,26,26
전세,송천동1가,솔내2길,60.37,202055.9,14.5,6450.0,0.0,2009.0,전북 전주시 송천동1가 솔내2길,127.120983076,35.853258699,10,10,10,10,10,10,10,10
전세,송천동1가,솔내3길,60.0,202006.0,27.0,7000.0,0.0,2011.0,전북 전주시 송천동1가 솔내3길,127.12169896799999,35.853725271,1,1,1,1,1,1,1,1
전세,송천동1가,솔내4길,42.9,202006.0,21.0,5000.0,0.0,2017.0,전북 전주시 송천동1가 솔내4길,127.12136201700001,35.856049373000005,1,1,1,1,1,1,1,1
전세,송천동1가,솔내5길,63.0,202005.3333,21.0,6333.333333,0.0,2011.3333329999998,전북 전주시 송천동1가 솔내5길,127.12162066200001,35.85756399,3,3,3,3,3,3,3,3
전세,송천동1가,솔내6길,52.385,202040.0833,10.33333333,7333.333333,0.0,2015.3,전북 전주시 송천동1가 솔내6길,127.12339957799999,35.858544846,12,12,12,12,12,12,12,12
전세,송천동1가,솔내7길,68.46600000000001,202007.6,10.0,9400.0,0.0,2008.4,전북 전주시 송천동1가 솔내7길,127.12225825200001,35.859698378000004,5,5,5,5,5,5,5,5
전세,송천동1가,솔내8길,51.89285714,202047.5714,14.71428571,6071.428571,0.0,2013.0,전북 전주시 송천동1가 솔내8길,127.12247365200001,35.860989015,7,7,7,7,7,7,7,7
전세,송천동1가,솔내9길,52.62222222,202039.4444,11.88888889,7422.222222,0.0,2013.4444440000002,전북 전주시 송천동1가 솔내9길,127.125729685,35.862458739000004,9,9,9,9,9,9,9,9
전세,송천동1가,솔내로,56.4,202009.3333,20.0,5166.666667,0.0,2020.0,전북 전주시 송천동1가 솔내로,127.12634094399999,35.859226351,3,3,3,3,3,3,3,3
전세,송천동1가,송천1길,59.33,202009.5,5.0,8000.0,0.0,2016.0,전북 전주시 송천동1가 송천1길,127.11984528299999,35.856078754,2,2,2,2,2,2,2,2
전세,송천동1가,송천2길,65.0,202056.5,22.0,10750.0,0.0,2017.0,전북 전주시 송천동1가 송천2길,127.11993640799999,35.859952252,2,2,2,2,2,2,2,2
전세,송천동1가,송천3길,66.44875,202026.75,16.75,8687.5,0.0,2016.3333329999998,전북 전주시 송천동1가 송천3길,127.120271504,35.860992555,16,16,16,16,16,16,16,16
전세,송천동1가,송천4길,47.995,202041.0,16.0,6333.333333,0.0,2013.4,전북 전주시 송천동1가 송천4길,127.119791994,35.861761593000004,6,6,6,6,6,6,6,6
전세,송천동1가,송천로,58.06,202042.4211,17.36842105,7868.421053,0.0,2009.2777780000001,전북 전주시 송천동1가 송천로,127.114697388,35.865521621,19,19,19,19,19,19,19,19
전세,송천동1가,시천로,61.16857143,202047.4286,8.714285713999999,8428.571429000001,0.0,2013.5,전북 전주시 송천동1가 시천로,127.114697388,35.865521621,7,7,7,7,7,7,7,7
전세,송천동1가,오송1길,56.0,202010.0,5.0,6000.0,0.0,2007.0,전북 전주시 송천동1가 오송1길,127.12808008200001,35.863152201,1,1,1,1,1,1,1,1
전세,송천동1가,용소로,50.81333333,202005.6667,11.66666667,5500.0,0.0,2012.0,전북 전주시 송천동1가 용소로,127.119248551,35.863380763,3,3,3,3,3,3,3,3
전세,송천동1가,천마산로,50.0,202102.0,18.0,7000.0,0.0,2016.0,전북 전주시 송천동1가 천마산로,127.13358697700001,35.864059979000004,1,1,1,1,1,1,1,1
전세,송천동2가,고내천변로,44.18,202103.0,16.0,6000.0,0.0,2009.0,전북 전주시 송천동2가 고내천변로,127.104313779,35.871889202,1,1,1,1,1,1,1,1
전세,송천동2가,동부대로,46.54090909,202042.8182,13.36363636,4936.363636,0.0,2011.6,전북 전주시 송천동2가 동부대로,127.138162316,35.869779993,11,11,11,11,11,11,11,11
전세,송천동2가,붓내1길,49.96,202071.3333,15.66666667,6333.333333,0.0,2008.5,전북 전주시 송천동2가 붓내1길,127.123122646,35.86419358,3,3,3,3,3,3,3,3
전세,송천동2가,붓내2길,42.5,202053.75,17.25,4750.0,0.0,2013.5,전북 전주시 송천동2가 붓내2길,127.12350737,35.864982774,4,4,4,4,4,4,4,4
전세,송천동2가,붓내3길,40.12857143,202008.7143,22.57142857,4671.428571,0.0,2011.857143,전북 전주시 송천동2가 붓내3길,127.121834397,35.866692207,7,7,7,7,7,7,7,7
전세,송천동2가,붓내4길,55.32333333,202023.6667,15.83333333,7166.666667,0.0,2013.4,전북 전주시 송천동2가 붓내4길,127.12245673700001,35.86769168,6,6,6,6,6,6,6,6
전세,송천동2가,붓내5길,40.00266667,202032.2667,15.8,4466.666667,0.0,2009.8666670000002,전북 전주시 송천동2가 붓내5길,127.122530986,35.868559245,15,15,15,15,15,15,15,15
전세,송천동2가,사근1길,43.67777778,202039.8889,17.33333333,5611.111111,0.0,2012.7777780000001,전북 전주시 송천동2가 사근1길,127.128148113,35.866453581,9,9,9,9,9,9,9,9
전세,송천동2가,와룡1길,54.0,202037.0,20.0,9733.333333,0.0,2018.0,전북 전주시 송천동2가 와룡1길,127.113337569,35.865257821,3,3,3,3,3,3,3,3
전세,송천동2가,천마산로,43.266999999999996,202036.3,19.1,4950.0,0.0,2014.0,전북 전주시 송천동2가 천마산로,127.122711173,35.863565461,10,10,10,10,10,10,10,10
전세,여의동,기린대로,47.2,202032.0,20.0,5500.0,0.0,2016.0,전북 전주시 여의동 기린대로,127.073888488,35.868398792,4,4,4,4,4,4,4,4
전세,여의동,여암1길,126.06,202012.0,1.0,15000.0,0.0,2018.0,전북 전주시 여의동 여암1길,127.074503441,35.871056906,1,1,1,1,1,1,1,1
전세,여의동2가,덕용1길,53.45545455,202042.5455,14.18181818,7181.818181999999,0.0,2016.7777780000001,전북 전주시 여의동2가 덕용1길,127.07977576100001,35.867596893000005,11,11,11,11,11,11,11,11
전세,여의동2가,덕용2길,50.605,202009.0,21.5,8000.0,0.0,2018.0,전북 전주시 여의동2가 덕용2길,127.07870259,35.868975802,2,2,2,2,2,2,2,2
전세,여의동2가,덕용4길,61.52,202039.0,13.0,6666.666667,0.0,2017.6666670000002,전북 전주시 여의동2가 덕용4길,127.077880774,35.870356731,3,3,3,3,3,3,3,3
전세,여의동2가,쪽구름1길,42.98,202008.0,20.0,5000.0,0.0,2017.0,전북 전주시 여의동2가 쪽구름1길,127.07700676700001,35.87268775,1,1,1,1,1,1,1,1
전세,여의동2가,쪽구름3길,55.93,202009.0,11.0,5500.0,0.0,,전북 전주시 여의동2가 쪽구름3길,127.077180036,35.873536229,1,1,1,1,1,1,1,1
전세,여의동2가,쪽구름5길,63.826,202005.4,22.0,3360.0,0.0,2020.0,전북 전주시 여의동2가 쪽구름5길,127.077173514,35.875010803,5,5,5,5,5,5,5,5
전세,여의동2가,쪽구름로,53.73,202056.75,12.5,6375.0,0.0,2015.0,전북 전주시 여의동2가 쪽구름로,127.079295269,35.866860187,4,4,4,4,4,4,4,4
전세,여의동2가,편운로,28.12,202102.0,27.0,4300.0,0.0,2020.0,전북 전주시 여의동2가 편운로,127.07753661299999,35.871002664,1,1,1,1,1,1,1,1
전세,우아동1가,인교2길,40.0,202010.0,30.0,5000.0,0.0,2016.0,전북 전주시 우아동1가 인교2길,127.170903805,35.827218251,1,1,1,1,1,1,1,1
전세,우아동1가,인교3길,41.608000000000004,202045.0,11.2,4800.0,0.0,2006.6,전북 전주시 우아동1가 인교3길,127.17323834700001,35.827521361,5,5,5,5,5,5,5,5
전세,우아동1가,인교4길,47.59666667,202055.3333,16.5,5266.666667,0.0,2008.0,전북 전주시 우아동1가 인교4길,127.171452303,35.826720339,6,6,6,6,6,6,6,6
전세,우아동1가,인교5길,55.226000000000006,202009.1,16.5,7350.0,0.0,2017.7777780000001,전북 전주시 우아동1가 인교5길,127.17434749799999,35.82784319,10,10,10,10,10,10,10,10
전세,우아동1가,인교6길,33.436,202025.4,9.4,3700.0,0.0,2011.3333329999998,전북 전주시 우아동1가 인교6길,127.17264962600001,35.82570079,5,5,5,5,5,5,5,5
전세,우아동1가,인교7길,66.11428571,202048.4286,14.85714286,11000.0,0.0,2018.75,전북 전주시 우아동1가 인교7길,127.173352881,35.826931736999995,7,7,7,7,7,7,7,7
전세,우아동1가,인교8길,121.60666670000002,202007.6667,10.66666667,10500.0,0.0,2015.3333329999998,전북 전주시 우아동1가 인교8길,127.17392599,35.826250249,3,3,3,3,3,3,3,3
전세,우아동1가,인교9길,47.85714286,202035.7143,21.42857143,5357.142857,0.0,2017.714286,전북 전주시 우아동1가 인교9길,127.174185884,35.826080699,7,7,7,7,7,7,7,7
전세,우아동1가,인교로,74.34214286,202034.4643,15.46428571,11557.14286,0.0,2016.2692309999998,전북 전주시 우아동1가 인교로,127.17050879799999,35.824300014,28,28,28,28,28,28,28,28
전세,우아동1가,한배미로,48.76,202009.0,4.0,8500.0,0.0,2017.0,전북 전주시 우아동1가 한배미로,127.169801943,35.824349645,1,1,1,1,1,1,1,1
전세,우아동2가,건산로,39.53,202103.0,28.0,7000.0,0.0,,전북 전주시 우아동2가 건산로,127.16555298200001,35.835414068,1,1,1,1,1,1,1,1
전세,우아동2가,석소1길,65.64,202057.5,19.5,8000.0,0.0,2016.0,전북 전주시 우아동2가 석소1길,127.168189934,35.832558431,2,2,2,2,2,2,2,2
전세,우아동2가,석소2길,42.46333333,202028.8889,16.66666667,4911.111111,0.0,2006.6666670000002,전북 전주시 우아동2가 석소2길,127.16927924,35.833451075999996,9,9,9,9,9,9,9,9
전세,우아동2가,석소3길,57.7,202065.2,12.2,4900.0,0.0,2006.75,전북 전주시 우아동2가 석소3길,127.17038238,35.833983815,5,5,5,5,5,5,5,5
전세,우아동2가,석소4길,59.4,202007.0,11.0,6300.0,0.0,2004.0,전북 전주시 우아동2가 석소4길,127.171823639,35.833833704,5,5,5,5,5,5,5,5
전세,우아동2가,석소5길,46.92,202054.6667,15.0,5350.0,0.0,2009.3333329999998,전북 전주시 우아동2가 석소5길,127.173064863,35.833274944,6,6,6,6,6,6,6,6
전세,우아동2가,석소로,52.57,202008.5,17.0,6500.0,0.0,,전북 전주시 우아동2가 석소로,127.169067464,35.830195544,2,2,2,2,2,2,2,2
전세,우아동2가,아중1길,63.04666667,202102.0,15.0,6266.666667,0.0,2008.0,전북 전주시 우아동2가 아중1길,127.17083838,35.828456533,3,3,3,3,3,3,3,3
전세,우아동2가,아중2길,33.0,202103.0,3.0,3000.0,0.0,2013.0,전북 전주시 우아동2가 아중2길,127.174623417,35.829938928000004,1,1,1,1,1,1,1,1
전세,우아동2가,아중3길,53.99125,202019.625,21.375,5287.5,0.0,2008.4,전북 전주시 우아동2가 아중3길,127.170347901,35.829236859,8,8,8,8,8,8,8,8
전세,우아동2가,아중6길,46.784,202027.2,19.8,5100.0,0.0,2009.0,전북 전주시 우아동2가 아중6길,127.173198879,35.832438363,5,5,5,5,5,5,5,5
전세,우아동2가,아중7길,54.52428571,202022.1429,16.14285714,5571.428571,0.0,2012.1666670000002,전북 전주시 우아동2가 아중7길,127.17105408799999,35.832977895,7,7,7,7,7,7,7,7
전세,우아동2가,아중로,30.0,202102.0,9.0,2500.0,0.0,2010.0,전북 전주시 우아동2가 아중로,127.17036520100001,35.827801005,1,1,1,1,1,1,1,1
전세,우아동2가,아중중앙로,60.0,202038.6667,22.33333333,5833.333333,0.0,2009.3333329999998,전북 전주시 우아동2가 아중중앙로,127.172298988,35.82940781,3,3,3,3,3,3,3,3
전세,우아동2가,정언신로,42.5,202052.5,21.5,3150.0,0.0,2006.0,전북 전주시 우아동2가 정언신로,127.16931216799999,35.830247049,2,2,2,2,2,2,2,2
전세,우아동2가,중상보로,43.47142857,202035.0,16.28571429,4400.0,0.0,2008.5,전북 전주시 우아동2가 중상보로,127.16884755299999,35.833401369,7,7,7,7,7,7,7,7
전세,우아동2가,진버들6길,38.571999999999996,202055.0,14.9,3530.0,0.0,2007.375,전북 전주시 우아동2가 진버들6길,127.166925259,35.836484175,10,10,10,10,10,10,10,10
전세,우아동3가,견훤로,106.64,202009.0,28.0,8000.0,0.0,1984.0,전북 전주시 우아동3가 견훤로,127.154609458,35.842565891,1,1,1,1,1,1,1,1
전세,우아동3가,도당산1길,39.24,202012.0,14.0,6250.0,0.0,,전북 전주시 우아동3가 도당산1길,127.153608886,35.84637452,2,2,2,2,2,2,2,2
전세,우아동3가,도당산2길,72.0,202004.0,3.0,9000.0,0.0,2018.0,전북 전주시 우아동3가 도당산2길,127.154906563,35.846513578,1,1,1,1,1,1,1,1
전세,우아동3가,도당산4길,70.52,202009.0,17.0,6375.0,0.0,2006.3333329999998,전북 전주시 우아동3가 도당산4길,127.15955979799999,35.848164545,8,8,8,8,8,8,8,8
전세,우아동3가,도당산로,50.55,202056.5,15.0,4700.0,0.0,2017.0,전북 전주시 우아동3가 도당산로,127.15483167299999,35.844007438,4,4,4,4,4,4,4,4
전세,우아동3가,동부대로,64.975,202056.5,14.5,6750.0,0.0,1987.0,전북 전주시 우아동3가 동부대로,127.166983164,35.840568921999996,2,2,2,2,2,2,2,2
전세,우아동3가,신기1길,75.34,202102.5,12.5,6000.0,0.0,1981.5,전북 전주시 우아동3가 신기1길,127.16249629200001,35.84831076,2,2,2,2,2,2,2,2
전세,우아동3가,안골5길,71.17666667,202009.0,17.66666667,4266.666667,0.0,2002.5,전북 전주시 우아동3가 안골5길,127.15567829700001,35.842873495999996,3,3,3,3,3,3,3,3
전세,우아동3가,안골6길,67.49666667,202070.3333,22.33333333,5333.333333,0.0,,전북 전주시 우아동3가 안골6길,127.15511841799999,35.84383279,3,3,3,3,3,3,3,3
전세,우아동3가,안덕원1길,36.16666667,202007.3333,10.0,4666.666667,0.0,2016.0,전북 전주시 우아동3가 안덕원1길,127.165109525,35.842730124,3,3,3,3,3,3,3,3
전세,우아동3가,안덕원2길,45.0,202010.0,18.0,6000.0,0.0,2015.0,전북 전주시 우아동3가 안덕원2길,127.164242523,35.843197648,2,2,2,2,2,2,2,2
전세,우아동3가,안덕원3길,24.0,202007.0,24.0,500.0,0.0,,전북 전주시 우아동3가 안덕원3길,127.162710712,35.844990024,1,1,1,1,1,1,1,1
전세,우아동3가,우아10길,59.38777778,202049.4444,11.11111111,5777.777778,0.0,2008.2222219999999,전북 전주시 우아동3가 우아10길,127.157150427,35.852398096,9,9,9,9,9,9,9,9
전세,우아동3가,우아1길,47.105,202010.25,16.5,4250.0,0.0,,전북 전주시 우아동3가 우아1길,127.162710712,35.844990024,4,4,4,4,4,4,4,4
전세,우아동3가,우아2길,61.74,202009.3333,21.0,8333.333333,0.0,2015.0,전북 전주시 우아동3가 우아2길,127.158024004,35.84933453,3,3,3,3,3,3,3,3
전세,우아동3가,우아3길,51.9975,202020.25,21.375,6000.0,0.0,2011.714286,전북 전주시 우아동3가 우아3길,127.162710712,35.844990024,8,8,8,8,8,8,8,8
전세,우아동3가,우아5길,54.0,202101.0,16.0,3000.0,0.0,1992.0,전북 전주시 우아동3가 우아5길,127.155320675,35.849917026,1,1,1,1,1,1,1,1
전세,우아동3가,우아6길,58.1,202011.0,20.0,4000.0,0.0,,전북 전주시 우아동3가 우아6길,127.157175682,35.85041415,1,1,1,1,1,1,1,1
전세,우아동3가,우아7길,49.76166667,202054.8333,14.16666667,5166.666667,0.0,2003.4,전북 전주시 우아동3가 우아7길,127.154596925,35.849810011,6,6,6,6,6,6,6,6
전세,우아동3가,진버들1길,48.9,202055.5,9.0,6500.0,0.0,2018.0,전북 전주시 우아동3가 진버들1길,127.16408520600001,35.837955539,2,2,2,2,2,2,2,2
전세,인후동1가,가재미1길,46.626999999999995,202017.4,14.6,4300.0,0.0,2008.6666670000002,전북 전주시 인후동1가 가재미1길,127.16235292,35.828394999000004,10,10,10,10,10,10,10,10
전세,인후동1가,가재미2길,46.25,202008.75,16.5,5000.0,0.0,2012.5,전북 전주시 인후동1가 가재미2길,127.16360726200001,35.828729626,4,4,4,4,4,4,4,4
전세,인후동1가,가재미3길,52.396,202008.2,16.8,8500.0,0.0,2020.0,전북 전주시 인후동1가 가재미3길,127.161277811,35.829248351,5,5,5,5,5,5,5,5
전세,인후동1가,가재미4길,36.77666667,202007.1111,18.11111111,3500.0,0.0,2010.375,전북 전주시 인후동1가 가재미4길,127.163021393,35.829550208,9,9,9,9,9,9,9,9
전세,인후동1가,가재미5길,49.512,202026.2,13.8,4900.0,0.0,2008.5,전북 전주시 인후동1가 가재미5길,127.160993687,35.830129329,5,5,5,5,5,5,5,5
전세,인후동1가,가재미6길,54.986000000000004,202047.2,8.2,6500.0,0.0,2012.0,전북 전주시 인후동1가 가재미6길,127.163011168,35.830388659,5,5,5,5,5,5,5,5
전세,인후동1가,가재미로,68.225,202038.7778,11.94444444,8138.888889,0.0,2015.9411760000007,전북 전주시 인후동1가 가재미로,127.16375612200001,35.826014572,18,18,18,18,18,18,18,18
전세,인후동1가,건산로,67.315,202007.5,11.0,6000.0,0.0,1982.0,전북 전주시 인후동1가 건산로,127.148615221,35.832658857,2,2,2,2,2,2,2,2
전세,인후동1가,견훤로,114.47666670000001,202010.6667,11.33333333,12000.0,0.0,2014.3333329999998,전북 전주시 인후동1가 견훤로,127.156649465,35.837462041,3,3,3,3,3,3,3,3
전세,인후동1가,견훤왕궁로,77.04,202102.0,8.0,6300.0,0.0,2017.0,전북 전주시 인후동1가 견훤왕궁로,127.153542519,35.829886606,1,1,1,1,1,1,1,1
전세,인후동1가,구총목로,75.0,202004.0,21.0,4500.0,0.0,2003.0,전북 전주시 인후동1가 구총목로,127.16120238200001,35.828027475,1,1,1,1,1,1,1,1
전세,인후동1가,동가재미1길,37.82,202025.9,13.3,3650.0,0.0,2002.6,전북 전주시 인후동1가 동가재미1길,127.162260155,35.83243405,10,10,10,10,10,10,10,10
전세,인후동1가,동가재미2길,52.41166667,202039.8333,14.5,6416.666667,0.0,2015.0,전북 전주시 인후동1가 동가재미2길,127.160822919,35.833175375,6,6,6,6,6,6,6,6
전세,인후동1가,동가재미3길,63.711999999999996,202009.8,16.6,8400.0,0.0,2004.75,전북 전주시 인후동1가 동가재미3길,127.16165037,35.833504618,5,5,5,5,5,5,5,5
전세,인후동1가,무삼지1길,27.5,202054.5,8.5,1850.0,0.0,2007.0,전북 전주시 인후동1가 무삼지1길,127.162806511,35.825491218,2,2,2,2,2,2,2,2
전세,인후동1가,무삼지2길,49.034,202025.4,19.4,6300.0,0.0,2012.2,전북 전주시 인후동1가 무삼지2길,127.16201125200001,35.826623020999996,5,5,5,5,5,5,5,5
전세,인후동1가,무삼지3길,44.09210526,202023.9474,17.0,4763.157895,0.0,2003.214286,전북 전주시 인후동1가 무삼지3길,127.16166737,35.827580794,19,19,19,19,19,19,19,19
전세,인후동1가,무삼지4길,41.0,202006.5,22.0,5500.0,0.0,2009.0,전북 전주시 인후동1가 무삼지4길,127.16461030100001,35.826126564,2,2,2,2,2,2,2,2
전세,인후동1가,무삼지5길,38.85714286,202062.2857,13.71428571,4685.714286,0.0,2005.4285710000001,전북 전주시 인후동1가 무삼지5길,127.16436643,35.827597799,7,7,7,7,7,7,7,7
전세,인후동1가,무삼지6길,54.0,202008.0,25.0,8000.0,0.0,2014.0,전북 전주시 인후동1가 무삼지6길,127.163849156,35.828185092,1,1,1,1,1,1,1,1
전세,인후동1가,무삼지로,134.03,202007.0,9.0,11000.0,0.0,,전북 전주시 인후동1가 무삼지로,127.16607401899999,35.828269180999996,1,1,1,1,1,1,1,1
전세,인후동1가,물왕멀로,42.0,202083.2,8.8,5400.0,0.0,2018.0,전북 전주시 인후동1가 물왕멀로,127.150722628,35.829878817,5,5,5,5,5,5,5,5
전세,인후동1가,반태산3길,57.5,202004.3,11.2,4300.0,0.0,2019.9,전북 전주시 인후동1가 반태산3길,127.147461249,35.83055108,10,10,10,10,10,10,10,10
전세,인후동1가,반태산6길,72.44,202040.0,18.66666667,6666.666667,0.0,2013.0,전북 전주시 인후동1가 반태산6길,127.151387655,35.829718728,3,3,3,3,3,3,3,3
전세,인후동1가,서가재미1길,47.77142857,202023.5,23.14285714,5678.571429,0.0,2008.0,전북 전주시 인후동1가 서가재미1길,127.15996878799999,35.830808540999996,14,14,14,14,14,14,14,14
전세,인후동1가,서가재미2길,51.27636364,202025.5455,19.90909091,4272.7272729999995,0.0,2007.111111,전북 전주시 인후동1가 서가재미2길,127.159689469,35.831821754,11,11,11,11,11,11,11,11
전세,인후동1가,서가재미3길,44.04375,202026.25,12.625,4487.5,0.0,2007.6666670000002,전북 전주시 인후동1가 서가재미3길,127.15927507200001,35.832830736999995,16,16,16,16,16,16,16,16
전세,인후동1가,석소로,43.41166667,202007.8333,18.16666667,6166.666667,0.0,2017.4,전북 전주시 인후동1가 석소로,127.16840259999998,35.828161347,6,6,6,6,6,6,6,6
전세,인후동1가,심방죽1길,119.045,202010.0,23.0,13000.0,0.0,2000.5,전북 전주시 인후동1가 심방죽1길,127.15176178,35.83701129999999,2,2,2,2,2,2,2,2
전세,인후동1가,심방죽2길,41.37,202011.0,11.0,5500.0,0.0,,전북 전주시 인후동1가 심방죽2길,127.151851136,35.837858716999996,1,1,1,1,1,1,1,1
전세,인후동1가,심방죽로,35.0,202056.0,16.0,3750.0,0.0,2012.0,전북 전주시 인후동1가 심방죽로,127.15118182200001,35.837723828,2,2,2,2,2,2,2,2
전세,인후동1가,아중로,59.62,202101.0,13.0,11000.0,0.0,,전북 전주시 인후동1가 아중로,127.166125274,35.825808185999996,1,1,1,1,1,1,1,1
전세,인후동1가,안골1길,52.325,202009.5,21.75,3775.0,0.0,1990.0,전북 전주시 인후동1가 안골1길,127.157118039,35.837830896999996,4,4,4,4,4,4,4,4
전세,인후동1가,안골2길,51.8225,202054.75,12.5,3687.5,0.0,1996.0,전북 전주시 인후동1가 안골2길,127.15687462700001,35.839050316999995,8,8,8,8,8,8,8,8
전세,인후동1가,안골3길,54.94,202009.5,7.5,4000.0,0.0,1991.0,전북 전주시 인후동1가 안골3길,127.15624317700001,35.840238387,2,2,2,2,2,2,2,2
전세,인후동1가,안골4길,97.65,202012.0,19.0,7000.0,0.0,1991.0,전북 전주시 인후동1가 안골4길,127.15646929,35.841928575,1,1,1,1,1,1,1,1
전세,인후동1가,안덕원로,81.35,202056.0,12.0,4250.0,0.0,1996.0,전북 전주시 인후동1가 안덕원로,127.15604802899999,35.837144678,2,2,2,2,2,2,2,2
전세,인후동1가,인봉3길,63.75,202077.75,18.25,9000.0,0.0,2013.5,전북 전주시 인후동1가 인봉3길,127.15533412,35.828697412,4,4,4,4,4,4,4,4
전세,인후동1가,인봉남로,51.6,202046.2,8.6,7380.0,0.0,2018.0,전북 전주시 인후동1가 인봉남로,127.15968721200001,35.826788114,5,5,5,5,5,5,5,5
전세,인후동1가,인봉로,39.63,202012.0,9.0,6000.0,0.0,,전북 전주시 인후동1가 인봉로,127.15826317700001,35.828221654000004,1,1,1,1,1,1,1,1
전세,인후동1가,인봉북로,80.67,202008.0,26.0,2000.0,0.0,1979.0,전북 전주시 인후동1가 인봉북로,127.15846672299999,35.827871627,1,1,1,1,1,1,1,1
전세,인후동1가,인후2길,59.21052632,202014.7895,12.26315789,4894.736842,0.0,2020.0,전북 전주시 인후동1가 인후2길,127.153309998,35.831443536,19,19,19,19,19,19,19,19
전세,인후동1가,인후4길,98.79,202008.0,17.0,6500.0,0.0,2018.0,전북 전주시 인후동1가 인후4길,127.154984791,35.829760115,1,1,1,1,1,1,1,1
전세,인후동1가,인후5길,79.33333333,202004.6667,15.66666667,11333.33333,0.0,2016.6666670000002,전북 전주시 인후동1가 인후5길,127.15804728799999,35.83053163,3,3,3,3,3,3,3,3
전세,인후동1가,인후6길,40.0,202101.0,30.0,3500.0,0.0,2008.0,전북 전주시 인후동1가 인후6길,127.157436187,35.832793067,1,1,1,1,1,1,1,1
전세,인후동1가,작은모래내4길,44.24,202007.0,11.0,6000.0,0.0,2011.0,전북 전주시 인후동1가 작은모래내4길,127.148960351,35.833871265999996,1,1,1,1,1,1,1,1
전세,인후동1가,정언신로,43.43777778,202017.7778,15.33333333,4577.777778,0.0,2016.0,전북 전주시 인후동1가 정언신로,127.15501066700001,35.829420114,9,9,9,9,9,9,9,9
전세,인후동1가,진버들1길,65.324,202007.0,10.6,5500.0,0.0,2020.0,전북 전주시 인후동1가 진버들1길,127.157329296,35.835765407,5,5,5,5,5,5,5,5
전세,인후동1가,팽나무1길,43.0,202101.0,12.0,4000.0,0.0,2011.0,전북 전주시 인후동1가 팽나무1길,127.149837621,35.835070673000004,1,1,1,1,1,1,1,1
전세,인후동1가,팽나무2길,40.0,202103.0,26.0,4500.0,0.0,2015.0,전북 전주시 인후동1가 팽나무2길,127.152090268,35.834653701,1,1,1,1,1,1,1,1
전세,인후동1가,팽나무3길,42.66777778,202028.7778,20.0,4666.666667,0.0,2006.2,전북 전주시 인후동1가 팽나무3길,127.15300442,35.83559893,9,9,9,9,9,9,9,9
전세,인후동1가,팽나무4길,34.87857143,202033.8571,11.0,4000.0,0.0,2010.0,전북 전주시 인후동1가 팽나무4길,127.15431871700001,35.835727364,7,7,7,7,7,7,7,7
전세,인후동1가,팽나무5길,28.84333333,202072.3333,10.33333333,4400.0,0.0,2002.0,전북 전주시 인후동1가 팽나무5길,127.156009329,35.835693669,3,3,3,3,3,3,3,3
전세,인후동1가,팽나무6길,32.85111111,202020.6667,18.11111111,5166.666667,0.0,2017.0,전북 전주시 인후동1가 팽나무6길,127.156474075,35.834857783000004,9,9,9,9,9,9,9,9
전세,인후동1가,한배미1길,38.35307692,202044.2308,15.65384615,3755.0,0.0,2004.25,전북 전주시 인후동1가 한배미1길,127.163786199,35.82434564,26,26,26,26,26,26,26,26
전세,인후동1가,한배미2길,50.0,202056.5,11.5,5500.0,0.0,2007.0,전북 전주시 인후동1가 한배미2길,127.165194932,35.825243005,2,2,2,2,2,2,2,2
전세,인후동1가,한배미3길,39.96727273,202059.4545,18.36363636,4363.636364,0.0,2001.4,전북 전주시 인후동1가 한배미3길,127.165615683,35.824975775,11,11,11,11,11,11,11,11
전세,인후동1가,한배미4길,50.0675,202021.55,15.45,6090.0,0.0,2011.214286,전북 전주시 인후동1가 한배미4길,127.166036678,35.824502757,20,20,20,20,20,20,20,20
전세,인후동1가,한배미5길,34.80833333,202034.3333,14.55555556,3069.444444,0.0,2003.9333329999997,전북 전주시 인후동1가 한배미5길,127.167286049,35.823490111999995,18,18,18,18,18,18,18,18
전세,인후동1가,한배미6길,38.795,202004.5,17.5,3000.0,0.0,2008.0,전북 전주시 인후동1가 한배미6길,127.16838751799999,35.82341391,2,2,2,2,2,2,2,2
전세,인후동2가,거북바우로,34.415,202009.5,25.5,5500.0,0.0,2010.0,전북 전주시 인후동2가 거북바우로,127.14674161100001,35.841669399999994,2,2,2,2,2,2,2,2
전세,인후동2가,건산로,49.01,202008.0,22.0,5000.0,0.0,,전북 전주시 인후동2가 건산로,127.148202993,35.832531506,1,1,1,1,1,1,1,1
전세,인후동2가,건지3길,32.13333333,202071.6667,22.33333333,5666.666667,0.0,2017.3333329999998,전북 전주시 인후동2가 건지3길,127.144192519,35.845031221,3,3,3,3,3,3,3,3
전세,인후동2가,건지4길,24.0,202102.0,9.333333332999999,5000.0,0.0,2021.0,전북 전주시 인후동2가 건지4길,127.14579021200001,35.845506531,3,3,3,3,3,3,3,3
전세,인후동2가,명주1길,60.13,202050.2222,15.22222222,7388.888889,0.0,2013.375,전북 전주시 인후동2가 명주1길,127.145423922,35.843611539,9,9,9,9,9,9,9,9
전세,인후동2가,명주2길,44.83,202027.4,19.8,6400.0,0.0,2008.0,전북 전주시 인후동2가 명주2길,127.146208282,35.843744367,5,5,5,5,5,5,5,5
전세,인후동2가,명주3길,49.15,202007.3333,23.0,5266.666667,0.0,1987.0,전북 전주시 인후동2가 명주3길,127.14793905200001,35.844033603,3,3,3,3,3,3,3,3
전세,인후동2가,명주5길,85.4,202057.5,14.0,10250.0,0.0,2010.0,전북 전주시 인후동2가 명주5길,127.150124079,35.844969124,2,2,2,2,2,2,2,2
전세,인후동2가,명주6길,36.56666667,202010.6667,14.0,5666.666667,0.0,2008.6666670000002,전북 전주시 인후동2가 명주6길,127.151873188,35.845484355,3,3,3,3,3,3,3,3
전세,인후동2가,모래내6길,61.14,202056.0,17.5,4750.0,0.0,1978.0,전북 전주시 인후동2가 모래내6길,127.14518540200001,35.835229332,2,2,2,2,2,2,2,2
전세,인후동2가,백동1길,56.3,202078.75,6.75,5125.0,0.0,2009.75,전북 전주시 인후동2가 백동1길,127.146815769,35.84601821,4,4,4,4,4,4,4,4
전세,인후동2가,백동3길,90.0,202103.0,13.0,5000.0,0.0,1988.0,전북 전주시 인후동2가 백동3길,127.14816408600001,35.84747817,1,1,1,1,1,1,1,1
전세,인후동2가,백동6길,52.5,202053.0,22.0,6000.0,0.0,2014.0,전북 전주시 인후동2가 백동6길,127.151674054,35.847248441,2,2,2,2,2,2,2,2
전세,인후동2가,백동로,73.0,202006.0,3.0,6500.0,0.0,1989.0,전북 전주시 인후동2가 백동로,127.147672024,35.847036309,1,1,1,1,1,1,1,1
전세,인후동2가,심방죽3길,55.0,202008.5,15.5,8000.0,0.0,2017.0,전북 전주시 인후동2가 심방죽3길,127.151121431,35.83972745,2,2,2,2,2,2,2,2
전세,인후동2가,심방죽로,52.39,202005.0,16.0,13000.0,0.0,2016.0,전북 전주시 인후동2가 심방죽로,127.15054754200001,35.8371514,1,1,1,1,1,1,1,1
전세,중동,오정1길,75.0,202038.3333,17.66666667,9000.0,0.0,2014.3333329999998,전북 전주시 중동 오정1길,127.060422385,35.835894939,3,3,3,3,3,3,3,3
전세,중동,오정2길,78.0,202010.0,31.0,8000.0,0.0,2014.0,전북 전주시 중동 오정2길,127.061363753,35.835884561,1,1,1,1,1,1,1,1
전세,진북동,건산1길,100.915,202056.0,15.0,6117.5,0.0,1999.0,전북 전주시 진북동 건산1길,127.141972056,35.830932254000004,2,2,2,2,2,2,2,2
전세,진북동,건산2길,50.28,202012.0,18.0,7000.0,0.0,,전북 전주시 진북동 건산2길,127.14130821299999,35.831554571999995,1,1,1,1,1,1,1,1
전세,진북동,건산3길,25.0,202103.0,10.0,2800.0,0.0,2011.0,전북 전주시 진북동 건산3길,127.14053391899999,35.832141189,1,1,1,1,1,1,1,1
전세,진북동,건산4길,64.11,202012.0,3.0,7000.0,0.0,,전북 전주시 진북동 건산4길,127.139858889,35.832768247,1,1,1,1,1,1,1,1
전세,진북동,건산로,50.5,202102.0,16.0,8000.0,0.0,2018.0,전북 전주시 진북동 건산로,127.139196842,35.833028773,2,2,2,2,2,2,2,2
전세,진북동,공북1길,76.158,202010.0,12.8,7400.0,0.0,2012.0,전북 전주시 진북동 공북1길,127.13724987,35.82709697,5,5,5,5,5,5,5,5
전세,진북동,권삼득로,44.66,202103.0,28.0,7250.0,0.0,2021.0,전북 전주시 진북동 권삼득로,127.14403402399999,35.829850179,2,2,2,2,2,2,2,2
전세,진북동,반촌5길,72.72,202004.0,6.0,12000.0,0.0,1976.0,전북 전주시 진북동 반촌5길,127.144657115,35.829634614,1,1,1,1,1,1,1,1
전세,진북동,반촌8길,60.0,202010.0,14.5,4000.0,0.0,2020.0,전북 전주시 진북동 반촌8길,127.146213281,35.83069629,2,2,2,2,2,2,2,2
전세,진북동,반촌9길,39.33,202007.0,23.0,2750.0,0.0,1976.0,전북 전주시 진북동 반촌9길,127.146064535,35.831500481,2,2,2,2,2,2,2,2
전세,진북동,반촌로,68.93,202053.5,20.0,5750.0,0.0,2013.0,전북 전주시 진북동 반촌로,127.14599051799999,35.82903119,2,2,2,2,2,2,2,2
전세,진북동,벚꽃1길,10.92,202005.0,26.0,1000.0,0.0,1976.0,전북 전주시 진북동 벚꽃1길,127.131295199,35.828156224000004,1,1,1,1,1,1,1,1
전세,진북동,벚꽃2길,25.0,202101.0,25.0,3000.0,0.0,1997.0,전북 전주시 진북동 벚꽃2길,127.132510598,35.82763876,1,1,1,1,1,1,1,1
전세,진북동,벚꽃3길,53.7,202005.5,16.5,10000.0,0.0,2017.0,전북 전주시 진북동 벚꽃3길,127.133835748,35.827863420999996,2,2,2,2,2,2,2,2
전세,진북동,벚꽃4길,50.4,202005.0,20.0,4600.0,0.0,1969.0,전북 전주시 진북동 벚꽃4길,127.135072546,35.828758191,2,2,2,2,2,2,2,2
전세,진북동,벚꽃로,120.35,202010.0,8.0,7000.0,0.0,1975.0,전북 전주시 진북동 벚꽃로,127.134338536,35.829402744,1,1,1,1,1,1,1,1
전세,진북동,숲정이1길,45.09,202018.5,8.625,6125.0,0.0,2010.142857,전북 전주시 진북동 숲정이1길,127.12934341200001,35.829756092,8,8,8,8,8,8,8,8
전세,진북동,숲정이2길,46.65428571,202062.8571,11.85714286,6785.714286,0.0,2001.4285710000001,전북 전주시 진북동 숲정이2길,127.130899536,35.829300505,7,7,7,7,7,7,7,7
전세,진북동,숲정이3길,40.81666667,202008.6667,30.0,6666.666667,0.0,2014.5,전북 전주시 진북동 숲정이3길,127.131872004,35.828771598,3,3,3,3,3,3,3,3
전세,진북동,숲정이4길,40.0,202101.0,13.0,6500.0,0.0,2019.0,전북 전주시 진북동 숲정이4길,127.132573008,35.83004446,1,1,1,1,1,1,1,1
전세,진북동,어은골3길,67.77,202011.0,20.0,6000.0,0.0,1984.0,전북 전주시 진북동 어은골3길,127.129661406,35.823359499,1,1,1,1,1,1,1,1
전세,진북동,진북3길,140.25666669999998,202072.3333,10.33333333,9000.0,0.0,1986.3333329999998,전북 전주시 진북동 진북3길,127.13550223700001,35.82576582,3,3,3,3,3,3,3,3
전세,진북동,태진로,85.0,202011.0,19.0,16000.0,0.0,2017.0,전북 전주시 진북동 태진로,127.13651074399999,35.830435375,1,1,1,1,1,1,1,1
전세,진북동,팔달로,31.125999999999998,202028.2,12.8,4900.0,0.0,2016.75,전북 전주시 진북동 팔달로,127.14262342,35.828194559,5,5,5,5,5,5,5,5
전세,팔복동1가,신복1길,60.0,202101.1765,22.94117647,5000.0,0.0,2021.0,전북 전주시 팔복동1가 신복1길,127.111011904,35.851613983,17,17,17,17,17,17,17,17
전세,팔복동1가,신복2길,66.07894737,202076.6316,24.63157895,5263.157895,0.0,2020.7777780000001,전북 전주시 팔복동1가 신복2길,127.10951624299999,35.853680768000004,19,19,19,19,19,19,19,19
전세,팔복동1가,신복6길,72.13,202011.0,20.0,4000.0,0.0,,전북 전주시 팔복동1가 신복6길,127.10498927299999,35.854456180999996,1,1,1,1,1,1,1,1
전세,팔복동1가,신복천변2길,34.9,202009.0,12.5,4000.0,0.0,2020.0,전북 전주시 팔복동1가 신복천변2길,127.10874309200001,35.857898649,2,2,2,2,2,2,2,2
전세,팔복동2가,상리로,53.96,202008.0,12.0,6000.0,0.0,,전북 전주시 팔복동2가 상리로,127.102011734,35.848999116,1,1,1,1,1,1,1,1
전세,팔복동2가,추천1길,56.512,202005.0,12.8,2560.0,0.0,2019.0,전북 전주시 팔복동2가 추천1길,127.10514821299999,35.849069074,5,5,5,5,5,5,5,5
전세,팔복동2가,팔복7길,30.0,202012.0,1.0,3000.0,0.0,2010.0,전북 전주시 팔복동2가 팔복7길,127.10430765,35.856155018,1,1,1,1,1,1,1,1
전세,팔복동3가,덕촌길,49.0,202006.0,11.0,2000.0,0.0,,전북 전주시 팔복동3가 덕촌길,127.09733674600001,35.842676716999996,1,1,1,1,1,1,1,1
전세,팔복동4가,신복로,38.44,202010.0,7.0,4000.0,0.0,2012.0,전북 전주시 팔복동4가 신복로,127.104642258,35.859439666,1,1,1,1,1,1,1,1
전세,호성동1가,호성2길,68.645,202010.5,14.5,7250.0,0.0,,전북 전주시 호성동1가 호성2길,127.15251358200001,35.859088563,2,2,2,2,2,2,2,2
전세,호성동1가,호성3길,57.38,202056.0,19.5,3400.0,0.0,2013.0,전북 전주시 호성동1가 호성3길,127.151481656,35.860386197,2,2,2,2,2,2,2,2
