전월세구분,dong,도로명,계약면적(㎡),계약년월,계약일,보증금(만원),월세(만원),건축년도,loc,x,y,번지,번지.1,번지.1.1,번지.1.1.1,번지
월세,경원동1가,전동성당길,59.86,202004.0,21.0,2000.0,38.0,2008.0,전북 전주시 경원동1가 전동성당길,127.148529359,35.818372913000005,1,1,1,1,1
월세,경원동1가,전라감영5길,48.92,202103.0,29.0,3000.0,20.0,1940.0,전북 전주시 경원동1가 전라감영5길,127.146736191,35.816515344,1,1,1,1,1
월세,경원동2가,동문길,35.0,202102.0,24.0,6000.0,10.0,2010.0,전북 전주시 경원동2가 동문길,127.147800055,35.817682728,1,1,1,1,1
월세,경원동3가,현무1길,100.0,202101.0,22.0,14000.0,25.0,2015.0,전북 전주시 경원동3가 현무1길,127.14857609,35.819624074000004,1,1,1,1,1
월세,경원동3가,현무3길,57.0,202012.0,31.0,1500.0,20.0,,전북 전주시 경원동3가 현무3길,127.148921586,35.820521574000004,1,1,1,1,1
월세,고사동,전주객사2길,22.0,202008.0,16.5,200.0,32.5,2001.0,전북 전주시 고사동 전주객사2길,127.141305121,35.817606371,2,2,2,2,2
월세,교동,오목대길,50.4,202103.0,2.0,2000.0,20.0,1979.0,전북 전주시 교동 오목대길,127.154953516,35.813709756,1,1,1,1,1
월세,남노송동,관선1길,51.5,202055.0,17.5,2000.0,37.5,2018.0,전북 전주시 남노송동 관선1길,127.154583621,35.819657409,2,2,2,2,2
월세,남노송동,관선2길,21.55,202056.5,9.5,200.0,27.0,2014.0,전북 전주시 남노송동 관선2길,127.154597812,35.819786674,2,2,2,2,2
월세,남노송동,관선3길,88.28999999999998,202054.5,17.5,550.0,12.5,1985.0,전북 전주시 남노송동 관선3길,127.15446813,35.820397593,2,2,2,2,2
월세,남노송동,관선5길,76.68,202006.0,27.0,5000.0,20.0,1974.0,전북 전주시 남노송동 관선5길,127.15717191899999,35.821924685,1,1,1,1,1
월세,남노송동,마당재1길,41.5,202011.5,9.5,3900.0,17.5,2016.0,전북 전주시 남노송동 마당재1길,127.16025032600001,35.819544121999996,2,2,2,2,2
월세,남노송동,마당재2길,30.0,202005.0,14.0,300.0,30.0,2016.0,전북 전주시 남노송동 마당재2길,127.160730412,35.820976045,1,1,1,1,1
월세,다가동1가,전라감영2길,25.0,202011.0,3.0,200.0,35.0,2011.0,전북 전주시 다가동1가 전라감영2길,127.142351144,35.815027567,1,1,1,1,1
월세,다가동3가,전주객사1길,30.0,202004.0,11.0,300.0,35.0,2002.0,전북 전주시 다가동3가 전주객사1길,127.140470217,35.817099055999996,1,1,1,1,1
월세,다가동4가,전주객사1길,66.0,202010.0,25.0,300.0,25.0,1994.0,전북 전주시 다가동4가 전주객사1길,127.138150411,35.820662003,1,1,1,1,1
월세,대성동,객원길,67.45,202102.5,11.5,1000.0,40.0,1981.0,전북 전주시 대성동 객원길,127.175506664,35.798614533,2,2,2,2,2
월세,동서학동,서학로,24.1,202102.5,10.5,750.0,32.5,1993.5,전북 전주시 동서학동 서학로,127.161948564,35.809085707,2,2,2,2,2
월세,동서학동,장승배기로,46.66666666666666,202071.33333333328,20.33333333333333,1500.0,34.333333333333336,2018.0,전북 전주시 동서학동 장승배기로,127.15207232600001,35.805381818,3,3,3,3,3
월세,동서학동,전주천서로,39.6,202011.0,16.0,100.0,30.0,2005.0,전북 전주시 동서학동 전주천서로,127.16086241200001,35.810698712,1,1,1,1,1
월세,동서학동,학봉1길,66.11,202009.0,29.0,1000.0,25.0,1979.0,전북 전주시 동서학동 학봉1길,127.15181098299999,35.804615936,1,1,1,1,1
월세,동서학동,황학1길,107.64,202006.0,17.0,1000.0,30.0,1995.0,전북 전주시 동서학동 황학1길,127.155807002,35.807628319,1,1,1,1,1
월세,동서학동,황학4길,215.0,202010.0,18.0,2000.0,100.0,1979.0,전북 전주시 동서학동 황학4길,127.158805175,35.808179749000004,1,1,1,1,1
월세,동완산동,곤지산4길,66.12,202006.0,25.0,300.0,15.0,,전북 전주시 동완산동 곤지산4길,127.147527941,35.810548267,1,1,1,1,1
월세,동완산동,완산6길,60.0,202007.0,27.0,1000.0,30.0,,전북 전주시 동완산동 완산6길,127.14424058200001,35.808291119,1,1,1,1,1
월세,동완산동,완산길,28.66,202006.66666666663,20.0,683.3333333333334,16.666666666666668,1960.333333333333,전북 전주시 동완산동 완산길,127.14458369299999,35.811181065,3,3,3,3,3
월세,삼천동1가,거마남로,56.024285714285725,202062.2857142857,12.142857142857142,1028.5714285714287,22.857142857142854,1994.142857142857,전북 전주시 삼천동1가 거마남로,127.117068365,35.794942624,7,7,7,7,7
월세,삼천동1가,거마산1길,70.0,202103.0,17.0,1000.0,25.0,1994.0,전북 전주시 삼천동1가 거마산1길,127.121686466,35.79753865,1,1,1,1,1
월세,삼천동1가,거마산2길,43.912,202044.8,13.0,1160.0,27.6,1997.0,전북 전주시 삼천동1가 거마산2길,127.12385374200001,35.796770205,5,5,5,5,5
월세,삼천동1가,거마산로,67.712,202065.4,21.4,2040.0,33.0,1994.2,전북 전주시 삼천동1가 거마산로,127.12253449,35.796910799,5,5,5,5,5
월세,삼천동1가,거마서로,75.40799999999999,202028.0,6.2,1780.0,29.6,1993.6,전북 전주시 삼천동1가 거마서로,127.119589241,35.793479685,5,5,5,5,5
월세,삼천동1가,거마중앙로,57.88285714285714,202020.2857142857,23.714285714285715,585.7142857142858,24.57142857142857,1993.5714285714291,전북 전주시 삼천동1가 거마중앙로,127.122368902,35.796329723,7,7,7,7,7
월세,삼천동1가,삼천천변2길,28.785,202055.5,26.25,1400.0,29.75,2015.75,전북 전주시 삼천동1가 삼천천변2길,127.11428852200001,35.796898168,4,4,4,4,4
월세,삼천동1가,삼천천변3길,27.71333333333333,202038.33333333328,15.0,300.0,34.0,2018.0,전북 전주시 삼천동1가 삼천천변3길,127.111538786,35.798208902,3,3,3,3,3
월세,삼천동1가,상거마1길,23.5,202055.5,8.5,1000.0,22.5,1994.5,전북 전주시 삼천동1가 상거마1길,127.119521405,35.79555904,2,2,2,2,2
월세,삼천동1가,상거마2길,38.74,202069.66666666663,20.666666666666668,1333.3333333333333,10.666666666666666,1994.0,전북 전주시 삼천동1가 상거마2길,127.11984461899999,35.795713338,3,3,3,3,3
월세,삼천동1가,상거마4길,80.0,202012.0,19.0,4000.0,10.0,1993.0,전북 전주시 삼천동1가 상거마4길,127.11951712700001,35.797009096,1,1,1,1,1
월세,삼천동1가,솟대1길,62.172222222222224,202040.33333333328,22.11111111111111,1200.0,23.88888888888889,1994.2222222222226,전북 전주시 삼천동1가 솟대1길,127.126140112,35.794394214,9,9,9,9,9
월세,삼천동1가,솟대2길,60.68000000000001,202039.33333333328,15.166666666666664,1608.333333333333,22.41666666666667,1994.1739130434785,전북 전주시 삼천동1가 솟대2길,127.125889461,35.795251491,24,24,24,24,24
월세,삼천동1가,솟대로,127.22,202009.0,19.0,4000.0,30.0,1993.0,전북 전주시 삼천동1가 솟대로,127.127349064,35.794764399,1,1,1,1,1
월세,삼천동1가,송정1길,59.75,202007.5,21.25,1575.0,20.5,1994.0,전북 전주시 삼천동1가 송정1길,127.11953905200001,35.798996035,4,4,4,4,4
월세,삼천동1가,송정2길,68.83999999999999,202024.83333333328,10.833333333333336,1816.666666666667,21.5,1991.0,전북 전주시 삼천동1가 송정2길,127.11914412200001,35.799742138,6,6,6,6,6
월세,삼천동1가,송정3길,59.4,202012.0,31.0,1000.0,27.0,1988.0,전북 전주시 삼천동1가 송정3길,127.12037198,35.800863317,1,1,1,1,1
월세,삼천동1가,송정로,77.68,202004.0,13.0,2000.0,25.0,1987.0,전북 전주시 삼천동1가 송정로,127.117766983,35.80216291,1,1,1,1,1
월세,삼천동1가,안행2길,53.44000000000001,202007.5,17.5,5500.0,17.5,,전북 전주시 삼천동1가 안행2길,127.12959725399999,35.801035301999995,2,2,2,2,2
월세,삼천동1가,안행3길,33.0,202101.0,25.0,500.0,20.0,2002.0,전북 전주시 삼천동1가 안행3길,127.130958079,35.799618599,1,1,1,1,1
월세,삼천동1가,용리로,135.79000000000002,202056.5,24.0,3500.0,35.0,1994.0,전북 전주시 삼천동1가 용리로,127.120953095,35.798494589,2,2,2,2,2
월세,삼천동1가,장승배기로,99.17,202006.0,17.0,1000.0,70.0,2012.0,전북 전주시 삼천동1가 장승배기로,127.11435095799999,35.792231139,1,1,1,1,1
월세,삼천동1가,하거마1길,53.66666666666666,202036.33333333328,18.0,1166.6666666666667,16.666666666666668,1994.0,전북 전주시 삼천동1가 하거마1길,127.119034104,35.792839191,3,3,3,3,3
월세,삼천동1가,하거마2길,29.25,202103.0,30.0,6500.0,8.0,,전북 전주시 삼천동1가 하거마2길,127.118912084,35.793572609,1,1,1,1,1
월세,삼천동1가,하거마3길,72.1225,202056.375,17.75,1075.0,29.375,1994.0,전북 전주시 삼천동1가 하거마3길,127.1188712,35.794551464,8,8,8,8,8
월세,삼천동1가,하거마4길,39.435,202056.0,14.25,1125.0,16.25,1993.5,전북 전주시 삼천동1가 하거마4길,127.11891309399999,35.795306959,4,4,4,4,4
월세,삼천동1가,하거마5길,60.0,202006.0,7.0,1000.0,25.0,1993.0,전북 전주시 삼천동1가 하거마5길,127.118871284,35.79622017,1,1,1,1,1
월세,삼천동1가,하거마6길,47.8,202009.0,17.0,466.66666666666674,16.666666666666668,1993.666666666667,전북 전주시 삼천동1가 하거마6길,127.11928784700001,35.796807688,3,3,3,3,3
월세,삼천동1가,하거마7길,51.0,202041.0,14.0,1166.6666666666667,28.0,2003.0,전북 전주시 삼천동1가 하거마7길,127.11908219799999,35.798304537,3,3,3,3,3
월세,삼천동2가,계룡산길,30.0,202102.0,15.0,500.0,38.0,2015.0,전북 전주시 삼천동2가 계룡산길,127.103926486,35.785053501,1,1,1,1,1
월세,삼천동2가,효천남6길,173.89999999999995,202008.0,15.5,2000.0,42.5,2020.0,전북 전주시 삼천동2가 효천남6길,127.106128301,35.795551251,2,2,2,2,2
월세,서노송동,물왕멀2길,46.28,202011.0,16.0,500.0,30.0,,전북 전주시 서노송동 물왕멀2길,127.14799843899999,35.82642243,1,1,1,1,1
월세,서노송동,물왕멀3길,218.32,202011.0,20.0,1000.0,23.0,2004.0,전북 전주시 서노송동 물왕멀3길,127.146961512,35.827399109,1,1,1,1,1
월세,서노송동,물왕멀4길,45.0,202103.0,20.0,500.0,45.0,2005.0,전북 전주시 서노송동 물왕멀4길,127.146704329,35.828408465,1,1,1,1,1
월세,서노송동,팔달로,39.6,202101.0,30.0,500.0,23.0,1970.0,전북 전주시 서노송동 팔달로,127.146492376,35.822045599,1,1,1,1,1
월세,서서학동,서학1길,30.0,202009.0,29.0,200.0,22.0,2007.0,전북 전주시 서서학동 서학1길,127.14978210299999,35.804648825,1,1,1,1,1
월세,서서학동,서학3길,24.42,202007.0,17.0,300.0,28.0,,전북 전주시 서서학동 서학3길,127.15158121299999,35.805946398,1,1,1,1,1
월세,서서학동,장승배기5길,42.0,202012.0,1.0,200.0,32.0,2010.0,전북 전주시 서서학동 장승배기5길,127.14482535,35.801159913,1,1,1,1,1
월세,서서학동,장승배기6길,53.73,202012.0,15.0,1000.0,25.0,1991.0,전북 전주시 서서학동 장승배기6길,127.145717359,35.801704627,1,1,1,1,1
월세,서서학동,학봉1길,52.85,202009.0,15.0,750.0,39.0,2019.0,전북 전주시 서서학동 학봉1길,127.151563028,35.804502989,2,2,2,2,2
월세,서서학동,흑석1길,26.64,202009.0,8.0,2000.0,15.0,2018.0,전북 전주시 서서학동 흑석1길,127.148416038,35.797590524,1,1,1,1,1
월세,서서학동,흑석로,53.35,202007.0,14.0,500.0,6.666666666666668,2020.0,전북 전주시 서서학동 흑석로,127.149544746,35.803238101,3,3,3,3,3
월세,서신동,감나무3길,84.53,202012.0,11.0,6000.0,10.0,,전북 전주시 서신동 감나무3길,127.121788784,35.830816206,1,1,1,1,1
월세,서신동,감나무4길,69.68666666666667,202054.83333333328,12.333333333333336,2733.333333333333,27.33333333333333,1999.166666666667,전북 전주시 서신동 감나무4길,127.12168671399999,35.831675685,6,6,6,6,6
월세,서신동,고사평1길,51.084285714285706,202038.8571428572,11.666666666666664,1566.666666666667,32.04761904761905,2008.3809523809525,전북 전주시 서신동 고사평1길,127.108066741,35.834956491999996,21,21,21,21,21
월세,서신동,고사평2길,44.8525,202037.0,17.0625,931.25,34.75,2005.625,전북 전주시 서신동 고사평2길,127.109661611,35.834609126,16,16,16,16,16
월세,서신동,고사평3길,45.495,202040.0,10.666666666666666,3250.0,15.0,2006.5,전북 전주시 서신동 고사평3길,127.108248145,35.836171611,6,6,6,6,6
월세,서신동,고사평4길,41.0,202039.0,16.833333333333332,1316.6666666666667,30.83333333333333,2006.666666666667,전북 전주시 서신동 고사평4길,127.110402534,35.835359565,6,6,6,6,6
월세,서신동,고사평5길,39.36315789473685,202036.8421052632,14.68421052631579,1215.7894736842104,29.52631578947368,2009.6315789473688,전북 전주시 서신동 고사평5길,127.108066741,35.834956491999996,19,19,19,19,19
월세,서신동,고사평6길,44.0,202054.625,16.125,900.0,28.5,2006.625,전북 전주시 서신동 고사평6길,127.110021244,35.836417579,8,8,8,8,8
월세,서신동,고사평7길,40.9,202036.1,17.55,875.0,30.35,2008.0,전북 전주시 서신동 고사평7길,127.11008986799999,35.837074049,20,20,20,20,20
월세,서신동,고사평8길,67.23555555555555,202018.66666666663,15.444444444444445,1711.111111111111,30.88888888888889,2008.2222222222226,전북 전주시 서신동 고사평8길,127.11106298899999,35.836626854,9,9,9,9,9
월세,서신동,고사평9길,53.26411764705882,202014.76470588235,14.941176470588234,2470.5882352941176,28.176470588235286,2007.6470588235293,전북 전주시 서신동 고사평9길,127.11069281399999,35.837730431,17,17,17,17,17
월세,서신동,고사평로,37.16375,202055.375,22.25,600.0,29.75,2005.857142857143,전북 전주시 서신동 고사평로,127.10966630200001,35.8348638,8,8,8,8,8
월세,서신동,새터로,54.52,202039.88888888888,17.444444444444443,1944.4444444444448,37.0,2012.25,전북 전주시 서신동 새터로,127.119744302,35.835176732,9,9,9,9,9
월세,서신동,서신천변10길,50.0,202012.0,28.0,300.0,30.0,2001.0,전북 전주시 서신동 서신천변10길,127.114485483,35.829860944,1,1,1,1,1
월세,서신동,서신천변11길,89.77999999999999,202036.66666666663,18.666666666666668,2500.0,29.0,1996.0,전북 전주시 서신동 서신천변11길,127.11405985100001,35.830010124,3,3,3,3,3
월세,서신동,서신천변12길,55.08,202103.0,15.0,1000.0,30.0,2003.0,전북 전주시 서신동 서신천변12길,127.115181701,35.829984894,1,1,1,1,1
월세,서신동,서신천변13길,45.052,202027.8,16.6,1240.0,21.6,2006.2,전북 전주시 서신동 서신천변13길,127.114083887,35.830397891,5,5,5,5,5
월세,서신동,서신천변1길,81.185,202008.5,23.75,4000.0,36.25,2003.75,전북 전주시 서신동 서신천변1길,127.113448176,35.826475104000004,4,4,4,4,4
월세,서신동,서신천변2길,36.56666666666667,202054.66666666663,16.0,358.33333333333326,27.33333333333333,2006.833333333333,전북 전주시 서신동 서신천변2길,127.115137261,35.826536606,6,6,6,6,6
월세,서신동,서신천변3길,72.25,202007.0,21.0,1500.0,20.0,1997.5,전북 전주시 서신동 서신천변3길,127.114058784,35.827755431,2,2,2,2,2
월세,서신동,서신천변4길,42.5,202102.5,17.0,400.0,30.0,1998.0,전북 전주시 서신동 서신천변4길,127.11433024200001,35.827965283000005,2,2,2,2,2
월세,서신동,서신천변5길,100.21333333333332,202039.66666666663,10.666666666666666,1833.333333333333,39.333333333333336,1996.0,전북 전주시 서신동 서신천변5길,127.114050445,35.828103809,3,3,3,3,3
월세,서신동,서신천변6길,70.22999999999999,202055.0,14.5,3050.0,20.0,2003.5,전북 전주시 서신동 서신천변6길,127.114750425,35.828089647,2,2,2,2,2
월세,서신동,서신천변7길,50.42333333333333,202071.66666666663,10.333333333333334,1066.6666666666667,26.66666666666667,2000.0,전북 전주시 서신동 서신천변7길,127.11349008100001,35.828687908,3,3,3,3,3
월세,서신동,서신천변8길,61.784285714285716,202035.7142857143,12.571428571428573,971.4285714285713,25.0,1999.7142857142856,전북 전주시 서신동 서신천변8길,127.115166931,35.828493164,7,7,7,7,7
월세,서신동,서신천변9길,42.17666666666667,202007.66666666663,10.0,2166.6666666666665,16.666666666666668,1999.0,전북 전주시 서신동 서신천변9길,127.11406536700001,35.829683259,3,3,3,3,3
월세,서신동,서신천변로,69.36399999999999,202008.4,19.8,1380.0,33.0,1997.0,전북 전주시 서신동 서신천변로,127.114072921,35.826345885,5,5,5,5,5
월세,서신동,안터1길,35.5,202053.5,14.0,3250.0,21.0,2014.5,전북 전주시 서신동 안터1길,127.117376059,35.827430233,2,2,2,2,2
월세,서신동,안터2길,47.1,202046.4,10.4,1760.0,14.6,2003.0,전북 전주시 서신동 안터2길,127.11867301299999,35.828509566,5,5,5,5,5
월세,서신동,안터3길,50.44333333333333,202040.33333333328,20.666666666666668,1666.666666666667,25.0,2003.666666666667,전북 전주시 서신동 안터3길,127.119377324,35.82853502,3,3,3,3,3
월세,서신동,안터4길,44.02285714285714,202022.2857142857,9.714285714285714,2528.5714285714284,23.57142857142857,2004.0,전북 전주시 서신동 안터4길,127.119029052,35.829246364,7,7,7,7,7
월세,서신동,안터5길,35.725,202029.25,20.0,950.0,19.25,2002.25,전북 전주시 서신동 안터5길,127.11810333700001,35.83043061,4,4,4,4,4
월세,서신동,안터6길,39.9,202055.5,21.5,1250.0,22.5,2006.0,전북 전주시 서신동 안터6길,127.117844116,35.831481471,2,2,2,2,2
월세,서신동,유연로,31.426666666666666,202038.66666666663,15.0,1566.666666666667,21.66666666666667,2014.0,전북 전주시 서신동 유연로,127.113665215,35.825571247,3,3,3,3,3
월세,서신동,잿뜸2길,35.30333333333333,202008.0,16.666666666666668,1866.666666666667,28.33333333333333,2018.0,전북 전주시 서신동 잿뜸2길,127.124646411,35.827808970999996,3,3,3,3,3
월세,서신동,전룡1길,64.71,202004.0,27.0,500.0,20.0,2003.0,전북 전주시 서신동 전룡1길,127.116295763,35.826008761,1,1,1,1,1
월세,서신동,전룡2길,55.16,202039.66666666663,3.0,433.33333333333326,36.333333333333336,2008.0,전북 전주시 서신동 전룡2길,127.117620894,35.826053188,3,3,3,3,3
월세,서신동,전룡4길,44.6225,202030.75,24.5,850.0,35.75,2013.5,전북 전주시 서신동 전룡4길,127.11961732200001,35.826114154,4,4,4,4,4
월세,서신동,전룡5길,44.9025,202054.75,21.5,1275.0,31.5,2011.25,전북 전주시 서신동 전룡5길,127.121202293,35.825922202,4,4,4,4,4
월세,서신동,전룡6길,48.0,202053.5,13.5,1250.0,32.5,2012.0,전북 전주시 서신동 전룡6길,127.121481872,35.826293667,2,2,2,2,2
월세,서신동,전룡로,50.61333333333333,202061.0,15.333333333333336,1488.888888888889,35.666666666666664,2010.2222222222226,전북 전주시 서신동 전룡로,127.11403496,35.8259343,9,9,9,9,9
월세,서완산동1가,완산2길,27.76,202056.0,7.5,600.0,25.0,2019.0,전북 전주시 서완산동1가 완산2길,127.139922629,35.811113523,2,2,2,2,2
월세,서완산동1가,완산3길,60.0,202103.0,6.0,500.0,47.0,2015.0,전북 전주시 서완산동1가 완산3길,127.14086595299999,35.811450812,1,1,1,1,1
월세,서완산동1가,완산4길,40.0,202007.0,20.0,300.0,37.0,2016.0,전북 전주시 서완산동1가 완산4길,127.14146585399999,35.811375213000005,1,1,1,1,1
월세,서완산동1가,전주천서로,33.05,202007.0,25.0,100.0,21.0,1997.0,전북 전주시 서완산동1가 전주천서로,127.141379102,35.811844246,1,1,1,1,1
월세,서완산동1가,효정2길,73.74,202012.0,19.0,1000.0,40.0,2017.0,전북 전주시 서완산동1가 효정2길,127.136236305,35.807416148,1,1,1,1,1
월세,서완산동2가,강당1길,63.49,202009.0,1.0,6000.0,9.0,2014.0,전북 전주시 서완산동2가 강당1길,127.13423731399999,35.809631425,1,1,1,1,1
월세,원당동,학전길,104.64,202103.0,31.0,15000.0,50.0,2016.0,전북 전주시 원당동 학전길,127.10919799,35.766042728,1,1,1,1,1
월세,전동3가,풍남문2길,26.77,202011.0,23.0,500.0,20.0,1952.0,전북 전주시 전동3가 풍남문2길,127.14414259600001,35.813655049,1,1,1,1,1
월세,전동3가,풍남문4길,49.59,202007.0,7.0,200.0,30.0,2006.0,전북 전주시 전동3가 풍남문4길,127.14537472,35.812633581,1,1,1,1,1
월세,중노송동,견훤로,39.81,202027.1,18.4,1700.0,28.2,2009.2,전북 전주시 중노송동 견훤로,127.162992321,35.820531791,10,10,10,10,10
월세,중노송동,견훤왕궁로,52.738,202027.8,11.2,940.0,33.6,2005.6,전북 전주시 중노송동 견훤왕궁로,127.15353399899999,35.824872086999996,5,5,5,5,5
월세,중노송동,관선4길,85.59,202101.0,31.0,14200.0,18.0,2019.0,전북 전주시 중노송동 관선4길,127.154961567,35.822912173,1,1,1,1,1
월세,중노송동,기린대로,24.0,202006.0,18.0,300.0,43.0,2019.0,전북 전주시 중노송동 기린대로,127.152675126,35.821139896999995,1,1,1,1,1
월세,중노송동,마당재2길,31.55,202008.5,11.5,600.0,30.0,2018.0,전북 전주시 중노송동 마당재2길,127.16056389799999,35.821738753000005,2,2,2,2,2
월세,중노송동,마당재3길,73.33333333333333,202041.0,20.33333333333333,12500.0,18.33333333333333,2014.666666666667,전북 전주시 중노송동 마당재3길,127.160491116,35.822188033,3,3,3,3,3
월세,중노송동,마당재4길,52.0,202037.66666666663,10.666666666666666,1066.6666666666667,30.0,2010.666666666667,전북 전주시 중노송동 마당재4길,127.160542735,35.823606966999996,3,3,3,3,3
월세,중노송동,문화1길,53.751999999999995,202063.0,15.2,1780.0,33.6,2007.8,전북 전주시 중노송동 문화1길,127.15516766799999,35.824013518,5,5,5,5,5
월세,중노송동,문화3길,43.645,202010.0,21.0,800.0,24.0,2003.0,전북 전주시 중노송동 문화3길,127.15694536299999,35.824049146,2,2,2,2,2
월세,중노송동,물왕멀1길,60.534000000000006,202006.2,22.4,860.0,27.8,1985.8,전북 전주시 중노송동 물왕멀1길,127.149167962,35.825332033,5,5,5,5,5
월세,중노송동,물왕멀2길,31.864,202008.0,12.2,340.0,24.8,2002.0,전북 전주시 중노송동 물왕멀2길,127.14916402600001,35.826858257,5,5,5,5,5
월세,중노송동,물왕멀로,45.35,202040.5,16.0,2350.0,22.0,2003.0,전북 전주시 중노송동 물왕멀로,127.150737275,35.824566063,6,6,6,6,6
월세,중노송동,아중로,38.25,202055.5,18.5,1000.0,21.0,2002.0,전북 전주시 중노송동 아중로,127.1514534,35.822696952,2,2,2,2,2
월세,중노송동,인봉2길,56.09,202007.0,18.0,1100.0,12.5,1976.0,전북 전주시 중노송동 인봉2길,127.154395899,35.827605504,2,2,2,2,2
월세,중노송동,인봉로,58.0,202054.75,17.25,750.0,45.5,2017.75,전북 전주시 중노송동 인봉로,127.158651065,35.823655751,4,4,4,4,4
월세,중앙동4가,전라감영로,80.0,202054.0,19.5,1150.0,41.0,2011.0,전북 전주시 중앙동4가 전라감영로,127.143371398,35.815727454,2,2,2,2,2
월세,중앙동4가,풍남문4길,100.0,202005.0,7.0,2000.0,25.0,1992.0,전북 전주시 중앙동4가 풍남문4길,127.14500651200001,35.814061524,1,1,1,1,1
월세,중인동,중인2길,105.79,202004.0,21.0,4000.0,50.0,,전북 전주시 중인동 중인2길,127.0922514,35.765711722,1,1,1,1,1
월세,중화산동1가,강당2길,39.395,202005.0,9.0,2750.0,25.0,2016.0,전북 전주시 중화산동1가 강당2길,127.133743486,35.811408763,2,2,2,2,2
월세,중화산동1가,강당4길,23.39,202103.0,11.0,300.0,30.0,2019.0,전북 전주시 중화산동1가 강당4길,127.13385206299999,35.813747127,1,1,1,1,1
월세,중화산동1가,따박골9길,48.16666666666666,202038.0,12.666666666666664,2516.6666666666665,32.5,2015.0,전북 전주시 중화산동1가 따박골9길,127.13021428299999,35.809918465,6,6,6,6,6
월세,중화산동1가,서원로,38.0,202010.5,29.0,350.0,37.5,2016.0,전북 전주시 중화산동1가 서원로,127.12119683899999,35.812509585,2,2,2,2,2
월세,중화산동1가,선너머3길,39.03916666666667,202024.75,15.333333333333336,1150.0,31.66666666666667,2010.2727272727273,전북 전주시 중화산동1가 선너머3길,127.130841135,35.813536749,12,12,12,12,12
월세,중화산동1가,선너머4길,36.145,202007.5,20.5,1750.0,22.5,2012.0,전북 전주시 중화산동1가 선너머4길,127.132077935,35.813717565,2,2,2,2,2
월세,중화산동2가,따박골2길,59.7,202011.0,9.5,750.0,30.0,1991.0,전북 전주시 중화산동2가 따박골2길,127.124804579,35.810887384000004,2,2,2,2,2
월세,중화산동2가,따박골5길,43.11333333333334,202007.66666666663,11.666666666666664,516.6666666666666,23.33333333333333,1993.0,전북 전주시 중화산동2가 따박골5길,127.128285291,35.808234027,3,3,3,3,3
월세,중화산동2가,따박골6길,64.91666666666667,202008.66666666663,19.33333333333333,1833.333333333333,23.33333333333333,1990.333333333333,전북 전주시 중화산동2가 따박골6길,127.128811006,35.808472861,3,3,3,3,3
월세,중화산동2가,따박골8길,57.875,202018.75,18.375,787.5,57.875,2020.0,전북 전주시 중화산동2가 따박골8길,127.12915724700001,35.811623005,8,8,8,8,8
월세,중화산동2가,따박골9길,36.66666666666666,202005.66666666663,13.333333333333336,666.6666666666666,39.0,2016.0,전북 전주시 중화산동2가 따박골9길,127.13155012700001,35.80922873,3,3,3,3,3
월세,중화산동2가,따박골로,30.0,202006.0,24.0,300.0,34.0,1991.0,전북 전주시 중화산동2가 따박골로,127.124427063,35.81010042,1,1,1,1,1
월세,중화산동2가,메너머1길,56.96923076923078,202059.0,20.23076923076923,1538.4615384615383,29.615384615384606,2006.3636363636365,전북 전주시 중화산동2가 메너머1길,127.121905411,35.821180161,13,13,13,13,13
월세,중화산동2가,메너머2길,44.43783783783784,202025.40540540536,15.945945945945946,2518.918918918919,31.135135135135137,2011.8285714285714,전북 전주시 중화산동2가 메너머2길,127.121817191,35.82259223,37,37,37,37,37
월세,중화산동2가,메너머3길,43.047096774193534,202038.29032258067,16.419354838709676,2516.1290322580644,31.032258064516128,2014.333333333333,전북 전주시 중화산동2가 메너머3길,127.121560425,35.823717101999996,31,31,31,31,31
월세,중화산동2가,메너머4길,48.84166666666667,202023.16666666663,14.666666666666664,2116.6666666666665,26.33333333333333,2014.833333333333,전북 전주시 중화산동2가 메너머4길,127.12158197,35.824817773,6,6,6,6,6
월세,중화산동2가,산월1길,164.69,202006.0,16.0,6500.0,27.5,2001.0,전북 전주시 중화산동2가 산월1길,127.122038216,35.812895138,2,2,2,2,2
월세,중화산동2가,산월2길,56.84333333333333,202041.0,18.0,600.0,28.33333333333333,1996.666666666667,전북 전주시 중화산동2가 산월2길,127.12172134299999,35.81393258,3,3,3,3,3
월세,중화산동2가,서원로,30.0,202004.0,22.0,500.0,25.0,2002.0,전북 전주시 중화산동2가 서원로,127.11732597,35.813179726,1,1,1,1,1
월세,중화산동2가,선너머1길,50.0,202011.0,5.0,500.0,44.0,2003.0,전북 전주시 중화산동2가 선너머1길,127.127890469,35.812367708000004,1,1,1,1,1
월세,중화산동2가,선너머2길,40.82,202023.33333333328,13.666666666666664,1666.666666666667,27.16666666666667,2017.4,전북 전주시 중화산동2가 선너머2길,127.128790475,35.81309377,6,6,6,6,6
월세,중화산동2가,선너머3길,44.714285714285715,202034.1428571429,14.285714285714285,2242.8571428571427,35.42857142857143,2016.857142857143,전북 전주시 중화산동2가 선너머3길,127.130157349,35.814451384,7,7,7,7,7
월세,중화산동2가,선너머로,39.97142857142858,202048.2857142857,18.714285714285715,2328.5714285714284,24.0,2011.428571428572,전북 전주시 중화산동2가 선너머로,127.126442375,35.816446776999996,7,7,7,7,7
월세,중화산동2가,신촌1길,40.785,202055.25,15.0,4375.0,29.5,2018.0,전북 전주시 중화산동2가 신촌1길,127.11702877399999,35.81373102,4,4,4,4,4
월세,중화산동2가,신촌2길,57.46666666666667,202007.33333333328,14.666666666666664,4333.333333333333,36.66666666666666,2005.5,전북 전주시 중화산동2가 신촌2길,127.117997761,35.813972037,3,3,3,3,3
월세,중화산동2가,신촌4길,60.025,202008.5,12.0,1650.0,35.5,2002.25,전북 전주시 중화산동2가 신촌4길,127.117173244,35.817951585,4,4,4,4,4
월세,중화산동2가,어은로,26.34,202008.0,17.5,150.0,13.5,2009.5,전북 전주시 중화산동2가 어은로,127.12429389200001,35.816702821,2,2,2,2,2
월세,중화산동2가,영경3길,45.6,202056.0,14.0,200.0,24.0,2003.0,전북 전주시 중화산동2가 영경3길,127.1247591,35.817529345,2,2,2,2,2
월세,중화산동2가,영선로,48.275,202031.75,20.25,4325.0,37.25,2014.75,전북 전주시 중화산동2가 영선로,127.123814885,35.823028349,4,4,4,4,4
월세,중화산동2가,인정1길,70.45375,202020.75,13.5,5437.5,26.75,2015.875,전북 전주시 중화산동2가 인정1길,127.121202605,35.819455699,8,8,8,8,8
월세,중화산동2가,인정2길,26.513333333333332,202008.66666666663,19.0,4100.0,17.666666666666668,2019.0,전북 전주시 중화산동2가 인정2길,127.11913617399999,35.819955696,3,3,3,3,3
월세,중화산동2가,인정3길,49.77777777777778,202049.66666666663,17.11111111111111,1133.3333333333333,41.111111111111114,2010.555555555556,전북 전주시 중화산동2가 인정3길,127.12006496299999,35.82043116,9,9,9,9,9
월세,중화산동2가,인정4길,46.0,202063.6,8.8,1200.0,45.0,2017.0,전북 전주시 중화산동2가 인정4길,127.11913617399999,35.819955696,5,5,5,5,5
월세,중화산동2가,인정로,21.47,202102.0,26.5,800.0,31.5,2001.0,전북 전주시 중화산동2가 인정로,127.120349144,35.820009556,2,2,2,2,2
월세,중화산동2가,중산10길,64.04,202010.0,20.0,4000.0,10.0,1998.0,전북 전주시 중화산동2가 중산10길,127.121189609,35.8186064,1,1,1,1,1
월세,중화산동2가,중산1길,50.90333333333334,202018.5555555556,15.444444444444445,4255.555555555556,20.444444444444443,2007.4444444444448,전북 전주시 중화산동2가 중산1길,127.120230714,35.814340898000005,9,9,9,9,9
월세,중화산동2가,중산2길,34.25,202031.5,20.25,550.0,27.0,2010.5,전북 전주시 중화산동2가 중산2길,127.12138948399999,35.814368996999995,4,4,4,4,4
월세,중화산동2가,중산3길,48.99500000000001,202014.6428571429,14.0,2264.285714285714,34.92857142857143,2011.7857142857144,전북 전주시 중화산동2가 중산3길,127.120208847,35.815634308,14,14,14,14,14
월세,중화산동2가,중산4길,45.0,202011.5,10.5,350.0,42.5,2015.0,전북 전주시 중화산동2가 중산4길,127.11924378200001,35.816156519,2,2,2,2,2
월세,중화산동2가,중산5길,46.88,202050.27272727274,20.818181818181817,3272.7272727272725,24.90909090909091,2012.0,전북 전주시 중화산동2가 중산5길,127.121274205,35.815974892,11,11,11,11,11
월세,중화산동2가,중산6길,40.26285714285714,202035.2857142857,18.571428571428573,2392.857142857143,24.142857142857146,2012.0,전북 전주시 중화산동2가 중산6길,127.120453595,35.816995124,7,7,7,7,7
월세,중화산동2가,중산7길,51.51,202035.57142857145,17.428571428571427,5857.142857142857,22.285714285714285,2015.142857142857,전북 전주시 중화산동2가 중산7길,127.118909336,35.817896728,7,7,7,7,7
월세,중화산동2가,중산8길,33.60222222222222,202017.77777777766,13.0,1438.888888888889,20.88888888888889,2007.25,전북 전주시 중화산동2가 중산8길,127.121355978,35.817899089,9,9,9,9,9
월세,중화산동2가,중산9길,52.13833333333333,202023.16666666663,15.0,4016.666666666666,27.83333333333333,2010.833333333333,전북 전주시 중화산동2가 중산9길,127.11929415600001,35.818749323,6,6,6,6,6
월세,중화산동2가,중산로,55.02363636363636,202043.27272727274,20.454545454545453,3602.0,31.90909090909091,2015.909090909091,전북 전주시 중화산동2가 중산로,127.12051904799999,35.814915724,11,11,11,11,11
월세,중화산동2가,중산중앙로,58.9525,202031.0,14.25,1775.0,24.75,2007.5,전북 전주시 중화산동2가 중산중앙로,127.119454484,35.816206571,4,4,4,4,4
월세,중화산동2가,중화산로,68.34571428571428,202048.1428571429,12.571428571428573,2642.857142857143,30.142857142857146,2009.2857142857144,전북 전주시 중화산동2가 중화산로,127.118324662,35.81927427,7,7,7,7,7
월세,중화산동2가,한두평2길,51.59,202010.0,8.5,350.0,32.0,2005.0,전북 전주시 중화산동2가 한두평2길,127.124052715,35.813451193,4,4,4,4,4
월세,중화산동2가,한두평3길,60.0,202010.33333333328,14.666666666666664,6000.0,26.33333333333333,2018.0,전북 전주시 중화산동2가 한두평3길,127.12412883200001,35.81468165,3,3,3,3,3
월세,중화산동2가,화산천변2길,40.0,202008.0,11.0,4000.0,10.0,2010.0,전북 전주시 중화산동2가 화산천변2길,127.117333735,35.819556029,1,1,1,1,1
월세,중화산동2가,화산천변3길,73.38000000000002,202024.0,14.833333333333336,5083.333333333333,26.66666666666667,2011.5,전북 전주시 중화산동2가 화산천변3길,127.115224121,35.820590322,6,6,6,6,6
월세,중화산동2가,화산천변4길,74.1625,202057.0,16.75,5300.0,20.75,2009.5,전북 전주시 중화산동2가 화산천변4길,127.117542754,35.820232696,4,4,4,4,4
월세,중화산동2가,화산천변6길,116.28,202102.0,6.0,8000.0,15.0,2003.0,전북 전주시 중화산동2가 화산천변6길,127.11518256299999,35.821487077,1,1,1,1,1
월세,중화산동2가,효자로,50.0,202005.0,29.0,7000.0,10.0,1997.0,전북 전주시 중화산동2가 효자로,127.113812119,35.818632572,1,1,1,1,1
월세,태평동,공북3길,61.45,202054.0,29.0,1750.0,37.5,2000.5,전북 전주시 태평동 공북3길,127.139790096,35.8264859,2,2,2,2,2
월세,태평동,공북로,48.24,202009.0,10.0,1000.0,20.0,1979.0,전북 전주시 태평동 공북로,127.13331745,35.8249031,1,1,1,1,1
월세,태평동,대동로,138.51,202005.0,4.0,3000.0,15.0,1977.0,전북 전주시 태평동 대동로,127.135883133,35.821329596999995,1,1,1,1,1
월세,태평동,물레방아1길,35.0,202102.0,16.0,1500.0,30.0,,전북 전주시 태평동 물레방아1길,127.13693748600001,35.822699488000005,1,1,1,1,1
월세,태평동,물레방아3길,86.19,202011.0,13.0,1000.0,70.0,,전북 전주시 태평동 물레방아3길,127.135149185,35.823207713,1,1,1,1,1
월세,평화동1가,꽃밭정1길,67.56,202009.0,19.0,2000.0,35.0,1994.0,전북 전주시 평화동1가 꽃밭정1길,127.134999077,35.797801288,1,1,1,1,1
월세,평화동1가,꽃밭정2길,89.0,202009.0,2.0,1000.0,35.0,1994.0,전북 전주시 평화동1가 꽃밭정2길,127.134080542,35.796711421,1,1,1,1,1
월세,평화동1가,꽃밭정4길,74.67,202006.0,9.0,4000.0,10.0,1991.0,전북 전주시 평화동1가 꽃밭정4길,127.134999077,35.797801288,1,1,1,1,1
월세,평화동1가,꽃밭정로,66.0,202012.0,6.0,500.0,25.0,,전북 전주시 평화동1가 꽃밭정로,127.13414095899999,35.796590858,1,1,1,1,1
월세,평화동1가,덕적골1길,66.12,202011.0,1.0,8000.0,10.0,2013.0,전북 전주시 평화동1가 덕적골1길,127.1383138,35.796794122,1,1,1,1,1
월세,평화동1가,덕적골3길,54.8375,202034.5,11.75,7875.0,12.25,2018.0,전북 전주시 평화동1가 덕적골3길,127.144716325,35.799054584000004,4,4,4,4,4
월세,평화동1가,맏내3길,86.31,202007.5,14.5,1600.0,22.5,2010.0,전북 전주시 평화동1가 맏내3길,127.13110007799999,35.792999501,2,2,2,2,2
월세,평화동1가,맏내4길,29.0,202055.5,17.0,300.0,32.0,2016.0,전북 전주시 평화동1가 맏내4길,127.131055476,35.79389320000001,2,2,2,2,2
월세,평화동1가,장승배기1길,36.485,202008.0,11.0,2250.0,24.5,2011.0,전북 전주시 평화동1가 장승배기1길,127.139600753,35.798872755,2,2,2,2,2
월세,평화동1가,장승배기3길,45.33333333333334,202039.66666666663,18.0,766.6666666666665,30.66666666666667,1995.0,전북 전주시 평화동1가 장승배기3길,127.14244047700001,35.799963256999995,3,3,3,3,3
월세,평화동1가,평화14길,50.01875,202054.5,15.125,2862.5,30.625,2008.2857142857144,전북 전주시 평화동1가 평화14길,127.134999077,35.797801288,8,8,8,8,8
월세,평화동1가,평화16길,74.97,202006.0,14.0,500.0,35.0,1999.0,전북 전주시 평화동1가 평화16길,127.137364801,35.792463864,1,1,1,1,1
월세,평화동1가,평화17길,31.0,202101.66666666663,14.0,1833.333333333333,22.66666666666667,2017.666666666667,전북 전주시 평화동1가 평화17길,127.13730731700001,35.793713505999996,3,3,3,3,3
월세,평화동1가,평화18길,34.83,202027.3,17.4,1440.0,26.2,2013.9,전북 전주시 평화동1가 평화18길,127.133081428,35.794213403,10,10,10,10,10
월세,평화동1가,평화19길,45.5675,202020.125,15.875,1587.5,28.875,2013.7142857142856,전북 전주시 평화동1가 평화19길,127.137263901,35.794884402,8,8,8,8,8
월세,평화동1가,평화로,36.933333333333344,202040.33333333328,14.666666666666664,448.33333333333326,24.66666666666667,2012.666666666667,전북 전주시 평화동1가 평화로,127.13598940700001,35.790466461,3,3,3,3,3
월세,평화동2가,맏내1길,83.24,202011.0,5.0,3000.0,45.0,,전북 전주시 평화동2가 맏내1길,127.12969406100001,35.790916005,1,1,1,1,1
월세,평화동2가,맏내2길,40.0,202057.5,23.5,400.0,29.5,2011.0,전북 전주시 평화동2가 맏내2길,127.13078925200001,35.791864169,2,2,2,2,2
월세,평화동2가,맏내로,50.1275,202031.375,15.875,912.5,33.125,2011.25,전북 전주시 평화동2가 맏내로,127.12856189899999,35.789389015,8,8,8,8,8
월세,평화동2가,모악로,74.77666666666666,202072.0,7.666666666666668,500.0,38.333333333333336,2016.0,전북 전주시 평화동2가 모악로,127.128213176,35.784199598,3,3,3,3,3
월세,평화동2가,양지2길,79.63499999999998,202009.0,18.0,6000.0,35.0,2016.0,전북 전주시 평화동2가 양지2길,127.12090512399999,35.792185597,2,2,2,2,2
월세,평화동2가,장승배기로,49.89333333333334,202040.0,22.33333333333333,2043.333333333333,18.33333333333333,2012.0,전북 전주시 평화동2가 장승배기로,127.124244262,35.793252312,3,3,3,3,3
월세,평화동2가,평화11길,61.21555555555556,202007.0,13.0,1866.666666666667,22.0,2007.111111111111,전북 전주시 평화동2가 평화11길,127.136378229,35.78956258,9,9,9,9,9
월세,평화동2가,평화13길,64.77,202047.8571428572,17.0,1900.0,30.0,2012.142857142857,전북 전주시 평화동2가 평화13길,127.136675557,35.790476661,7,7,7,7,7
월세,평화동2가,평화14길,40.03333333333333,202007.66666666663,18.666666666666668,1000.0,32.666666666666664,2013.666666666667,전북 전주시 평화동2가 평화14길,127.134882106,35.791961393,3,3,3,3,3
월세,평화동2가,평화15길,69.672,202007.0,19.2,2440.0,31.0,2010.6,전북 전주시 평화동2가 평화15길,127.13701829200001,35.791556676,5,5,5,5,5
월세,평화동2가,평화3길,72.52,202047.0,14.8,1180.0,28.4,2011.2,전북 전주시 평화동2가 평화3길,127.132222802,35.782981658000004,5,5,5,5,5
월세,평화동2가,평화4길,48.36272727272728,202050.36363636365,15.181818181818182,1281.8181818181818,30.90909090909091,2015.1818181818185,전북 전주시 평화동2가 평화4길,127.134151663,35.78261537,11,11,11,11,11
월세,평화동2가,평화6길,33.9,202102.0,8.0,200.0,32.0,2018.0,전북 전주시 평화동2가 평화6길,127.133015195,35.788230685,1,1,1,1,1
월세,평화동2가,평화7길,28.42,202045.2,17.8,720.0,31.0,2018.8,전북 전주시 평화동2가 평화7길,127.136338166,35.787978888000005,5,5,5,5,5
월세,평화동2가,평화8길,45.97,202030.0,11.75,938.25,26.0,2016.75,전북 전주시 평화동2가 평화8길,127.13441617,35.789117508000004,4,4,4,4,4
월세,평화동2가,평화로,118.53,202101.0,4.0,1500.0,70.0,2002.0,전북 전주시 평화동2가 평화로,127.13465114899999,35.786272238,1,1,1,1,1
월세,평화동3가,구이로,100.8,202004.0,27.0,3000.0,20.0,1973.0,전북 전주시 평화동3가 구이로,127.12714728700001,35.774238036,1,1,1,1,1
월세,평화동3가,난전들로,26.44,202004.0,3.0,100.0,20.0,2001.0,전북 전주시 평화동3가 난전들로,127.12773993299999,35.777991762,1,1,1,1,1
월세,풍남동1가,경기전길,54.565,202054.0,23.0,650.0,40.5,2011.0,전북 전주시 풍남동1가 경기전길,127.15048637299999,35.818245306,2,2,2,2,2
월세,풍남동3가,최명희길,93.15,202102.0,7.0,3000.0,150.0,2015.0,전북 전주시 풍남동3가 최명희길,127.15341756,35.816403086,1,1,1,1,1
월세,효자동1가,거마평로,32.885,202007.7,16.5,1440.0,33.7,2016.0,전북 전주시 효자동1가 거마평로,127.116497404,35.801535457,10,10,10,10,10
월세,효자동1가,따박골6길,60.0,202007.0,8.0,2000.0,45.0,2017.0,전북 전주시 효자동1가 따박골6길,127.12978510200001,35.807690500999996,1,1,1,1,1
월세,효자동1가,밤나무1길,54.41,202032.0,16.75,575.0,38.0,2002.75,전북 전주시 효자동1가 밤나무1길,127.116662011,35.809534428,4,4,4,4,4
월세,효자동1가,밤나무2길,58.79333333333333,202040.5555555556,16.88888888888889,1666.666666666667,23.33333333333333,1991.125,전북 전주시 효자동1가 밤나무2길,127.118248723,35.809650790999996,9,9,9,9,9
월세,효자동1가,성지산1길,65.02,202005.66666666663,14.0,233.3333333333333,31.0,1987.0,전북 전주시 효자동1가 성지산1길,127.123048078,35.803699823,3,3,3,3,3
월세,효자동1가,성지산2길,96.41,202008.0,31.0,2000.0,20.0,1991.0,전북 전주시 효자동1가 성지산2길,127.122702411,35.804594926,1,1,1,1,1
월세,효자동1가,성지산3길,135.99,202012.0,28.0,1000.0,40.0,1987.0,전북 전주시 효자동1가 성지산3길,127.122553188,35.805510988,1,1,1,1,1
월세,효자동1가,성지산로,86.68,202053.0,27.5,4000.0,15.0,1987.5,전북 전주시 효자동1가 성지산로,127.12348810799999,35.802102986,2,2,2,2,2
월세,효자동1가,송정로,53.97666666666667,202006.0,13.0,833.3333333333335,31.66666666666667,1990.0,전북 전주시 효자동1가 송정로,127.116979055,35.802454489,3,3,3,3,3
월세,효자동1가,송정중앙로,69.99,202103.0,18.0,1000.0,40.0,1988.0,전북 전주시 효자동1가 송정중앙로,127.12072227700001,35.802431673,1,1,1,1,1
월세,효자동1가,신봉1길,78.34714285714286,202009.1428571429,21.0,1642.857142857143,29.142857142857146,1991.428571428572,전북 전주시 효자동1가 신봉1길,127.11759179299999,35.812105074,7,7,7,7,7
월세,효자동1가,신봉3길,73.47333333333333,202040.33333333328,19.33333333333333,1333.3333333333333,40.0,1990.0,전북 전주시 효자동1가 신봉3길,127.11759179299999,35.812105074,3,3,3,3,3
월세,효자동1가,신봉4길,58.2,202009.0,17.0,1500.0,20.0,1991.0,전북 전주시 효자동1가 신봉4길,127.11919528899999,35.811913693,1,1,1,1,1
월세,효자동1가,신봉5길,74.238,202026.2,12.8,710.0,32.2,1990.4,전북 전주시 효자동1가 신봉5길,127.11539965,35.811376204,5,5,5,5,5
월세,효자동1가,신봉로,70.7,202010.5,14.5,500.0,37.5,1991.0,전북 전주시 효자동1가 신봉로,127.115665649,35.809929778000004,2,2,2,2,2
월세,효자동1가,안행5길,40.0,202102.0,26.5,300.0,39.5,2018.0,전북 전주시 효자동1가 안행5길,127.12998701299999,35.805874257,2,2,2,2,2
월세,효자동1가,안행7길,84.0,202005.0,18.0,9000.0,30.0,2014.0,전북 전주시 효자동1가 안행7길,127.13397480299999,35.802718911,1,1,1,1,1
월세,효자동1가,안행9길,67.72999999999999,202053.5,23.0,3250.0,31.0,2004.5,전북 전주시 효자동1가 안행9길,127.13424799100001,35.803393340999996,2,2,2,2,2
월세,효자동1가,오두정1길,24.285,202101.0,29.5,750.0,47.5,2021.0,전북 전주시 효자동1가 오두정1길,127.119561281,35.806947655,2,2,2,2,2
월세,효자동1가,오두정2길,25.0,202005.0,8.0,500.0,25.0,2019.0,전북 전주시 효자동1가 오두정2길,127.11884243799999,35.808217179,1,1,1,1,1
월세,효자동1가,외칠봉1길,52.51,202008.0,13.0,4000.0,8.0,,전북 전주시 효자동1가 외칠봉1길,127.13670266,35.802956271,1,1,1,1,1
월세,효자동1가,용리로,41.295,202010.0,11.5,350.0,34.5,2006.0,전북 전주시 효자동1가 용리로,127.114205699,35.798830111,2,2,2,2,2
월세,효자동1가,용머리로,39.43909090909091,202051.18181818182,15.545454545454545,1554.5454545454545,31.63636363636364,2013.6363636363642,전북 전주시 효자동1가 용머리로,127.128261815,35.806144671,11,11,11,11,11
월세,효자동1가,중화산로,109.47,202011.0,20.0,8000.0,20.0,1992.0,전북 전주시 효자동1가 중화산로,127.118453369,35.811191122,1,1,1,1,1
월세,효자동1가,효동1길,19.8,202004.0,1.0,0.0,20.0,1979.0,전북 전주시 효자동1가 효동1길,127.124525888,35.804958668000005,1,1,1,1,1
월세,효자동1가,효동3길,41.06,202057.0,9.0,6000.0,5.0,2016.0,전북 전주시 효자동1가 효동3길,127.12867977,35.805531334,2,2,2,2,2
월세,효자동1가,효자천변1길,32.364285714285714,202033.2857142857,14.142857142857142,971.4285714285713,26.857142857142854,2007.2857142857144,전북 전주시 효자동1가 효자천변1길,127.11424632299999,35.80063619,7,7,7,7,7
월세,효자동2가,강변로,37.5,202053.0,19.0,1650.0,25.0,2014.0,전북 전주시 효자동2가 강변로,127.11161548,35.808843685,2,2,2,2,2
월세,효자동2가,구룡1길,46.646315789473704,202034.7368421052,14.105263157894735,2852.631578947369,28.342105263157894,2011.6764705882354,전북 전주시 효자동2가 구룡1길,127.102963699,35.812026721,38,38,38,38,38
월세,효자동2가,구룡2길,47.06181818181819,202033.68181818182,17.454545454545453,1909.090909090909,33.27272727272727,2009.9,전북 전주시 효자동2가 구룡2길,127.102957138,35.813144306999995,22,22,22,22,22
월세,효자동2가,바우배기2길,20.0,202103.0,26.0,300.0,30.0,2016.0,전북 전주시 효자동2가 바우배기2길,127.10277424799999,35.817164766,1,1,1,1,1
월세,효자동2가,범안1길,57.585714285714296,202006.8571428572,14.285714285714285,2585.714285714286,38.57142857142857,2011.333333333333,전북 전주시 효자동2가 범안1길,127.108427205,35.812723105,7,7,7,7,7
월세,효자동2가,범안2길,43.92884615384615,202043.8076923077,16.5,1950.0,33.30769230769231,2010.48,전북 전주시 효자동2가 범안2길,127.10803162,35.813323819000004,26,26,26,26,26
월세,효자동2가,범안3길,44.10166666666667,202034.38888888888,18.055555555555557,1394.4444444444446,33.55555555555556,2010.1764705882354,전북 전주시 효자동2가 범안3길,127.106806292,35.812121429,18,18,18,18,18
월세,효자동2가,봉곡1길,48.366428571428564,202033.92857142846,16.642857142857142,2064.285714285714,35.0,2010.2857142857144,전북 전주시 효자동2가 봉곡1길,127.098237959,35.813013868,14,14,14,14,14
월세,효자동2가,봉곡3길,44.60103448275861,202043.72413793104,15.344827586206891,1841.379310344828,32.827586206896555,2010.928571428572,전북 전주시 효자동2가 봉곡3길,127.09905218,35.812305985,29,29,29,29,29
월세,효자동2가,봉곡로,81.81,202032.75,18.75,8250.0,27.0,2010.666666666667,전북 전주시 효자동2가 봉곡로,127.09487155,35.811682336,4,4,4,4,4
월세,효자동2가,소태정5길,84.535,202079.0,10.25,5575.0,32.5,2015.333333333333,전북 전주시 효자동2가 소태정5길,127.099211786,35.804319456,4,4,4,4,4
월세,효자동2가,쑥고개로,83.52,202006.0,5.0,1000.0,65.0,2017.0,전북 전주시 효자동2가 쑥고개로,127.09036631200001,35.796530691,1,1,1,1,1
월세,효자동2가,우전1길,72.35333333333334,202022.66666666663,11.5,6416.666666666668,38.333333333333336,2013.0,전북 전주시 효자동2가 우전1길,127.106116884,35.807021964,6,6,6,6,6
월세,효자동2가,우전2길,73.22833333333334,202028.4444444445,16.166666666666668,7111.1111111111095,47.611111111111114,2019.0625,전북 전주시 효자동2가 우전2길,127.108040389,35.805223597,18,18,18,18,18
월세,효자동2가,후곡길,71.816,202036.2,18.6,5700.0,30.1,2010.666666666667,전북 전주시 효자동2가 후곡길,127.09599131700001,35.809613981999995,10,10,10,10,10
월세,효자동3가,농소1길,32.86666666666667,202072.0,16.666666666666668,366.66666666666674,41.0,2015.0,전북 전주시 효자동3가 농소1길,127.09685634799999,35.81394698,3,3,3,3,3
월세,효자동3가,농소2길,45.06363636363636,202050.27272727274,10.727272727272727,1090.909090909091,42.72727272727273,2011.818181818181,전북 전주시 효자동3가 농소2길,127.097210083,35.814147086999995,11,11,11,11,11
월세,효자동3가,농소4길,43.39384615384616,202029.6923076923,22.69230769230769,2700.0,30.07692307692308,2012.0769230769226,전북 전주시 효자동3가 농소4길,127.097849649,35.815038738,13,13,13,13,13
월세,효자동3가,마전들로,63.94230769230769,202037.15384615387,16.153846153846153,3792.307692307693,39.46153846153846,2012.4545454545453,전북 전주시 효자동3가 마전들로,127.096152619,35.821300798,13,13,13,13,13
월세,효자동3가,만지길,16.56,202008.0,19.0,50.0,8.0,,전북 전주시 효자동3가 만지길,127.089961929,35.820957154,1,1,1,1,1
월세,효자동3가,문학대1길,57.99583333333334,202047.58333333328,18.25,4808.333333333333,29.75,2012.7,전북 전주시 효자동3가 문학대1길,127.10090296700001,35.825434838,12,12,12,12,12
월세,효자동3가,문학대2길,53.57714285714286,202044.9642857143,14.642857142857142,3414.285714285714,32.035714285714285,2010.428571428572,전북 전주시 효자동3가 문학대2길,127.102990132,35.825472672,28,28,28,28,28
월세,효자동3가,문학대3길,78.28428571428572,202035.2857142857,16.571428571428573,5114.285714285715,37.142857142857146,2010.7142857142856,전북 전주시 효자동3가 문학대3길,127.10169691799999,35.826663151,7,7,7,7,7
월세,효자동3가,문학대4길,54.71888888888889,202033.11111111112,16.296296296296298,3785.1851851851848,36.111111111111114,2010.5769230769226,전북 전주시 효자동3가 문학대4길,127.102078178,35.826900691999995,27,27,27,27,27
월세,효자동3가,문학대5길,62.87727272727273,202025.72727272726,16.0,3663.636363636364,36.72727272727273,2010.1818181818185,전북 전주시 효자동3가 문학대5길,127.10299838600001,35.827116218,11,11,11,11,11
월세,효자동3가,문학대6길,55.6115,202055.05,13.05,2320.0,37.15,2010.4,전북 전주시 효자동3가 문학대6길,127.10206982700001,35.828538848,20,20,20,20,20
월세,효자동3가,문학로,67.05875,202041.75,8.5,1200.0,36.375,2010.142857142857,전북 전주시 효자동3가 문학로,127.10208344,35.825951609,8,8,8,8,8
월세,효자동3가,배학1길,46.8575,202031.08333333328,16.75,3525.0,31.16666666666667,2011.7272727272727,전북 전주시 효자동3가 배학1길,127.096854421,35.818654285,12,12,12,12,12
월세,효자동3가,배학2길,42.51795454545454,202040.5,18.25,2071.590909090909,33.61363636363637,2012.186046511628,전북 전주시 효자동3가 배학2길,127.098060394,35.818861174,44,44,44,44,44
월세,효자동3가,배학3길,45.25444444444444,202039.77777777766,11.333333333333336,1761.111111111111,40.0,2013.125,전북 전주시 효자동3가 배학3길,127.09682852899999,35.819778544,9,9,9,9,9
월세,효자동3가,배학4길,46.2108,202034.56,15.76,2884.0,31.84,2013.1304347826087,전북 전주시 효자동3가 배학4길,127.097202452,35.81997303,25,25,25,25,25
월세,효자동3가,배학5길,42.0,202053.5,13.5,500.0,44.0,2015.5,전북 전주시 효자동3가 배학5길,127.095618352,35.820610305,2,2,2,2,2
월세,효자동3가,배학6길,62.4,202007.2,17.2,5000.0,36.8,2013.4,전북 전주시 효자동3가 배학6길,127.097787296,35.820633692,5,5,5,5,5
월세,효자동3가,백마산길,29.4,202101.5,17.75,2450.0,22.5,2003.666666666667,전북 전주시 효자동3가 백마산길,127.09291113799999,35.817767163,4,4,4,4,4
월세,효자동3가,봉곡1길,56.07,202043.75,15.125,3712.5,31.375,2010.875,전북 전주시 효자동3가 봉곡1길,127.097172738,35.813343278000005,8,8,8,8,8
월세,효자동3가,봉곡2길,52.26500000000001,202039.16666666663,15.666666666666664,5216.666666666667,22.33333333333333,2010.6,전북 전주시 효자동3가 봉곡2길,127.095795726,35.813134436,6,6,6,6,6
월세,효자동3가,봉곡3길,77.155,202007.83333333328,20.33333333333333,4200.0,40.5,2011.666666666667,전북 전주시 효자동3가 봉곡3길,127.097205594,35.812185433,6,6,6,6,6
월세,효자동3가,봉곡4길,42.69,202078.125,18.0,1725.0,32.875,2010.857142857143,전북 전주시 효자동3가 봉곡4길,127.095992976,35.812168246999995,8,8,8,8,8
월세,효자동3가,봉곡로,68.075,202078.25,17.75,10750.0,20.0,2013.5,전북 전주시 효자동3가 봉곡로,127.09500366200001,35.811948670999996,4,4,4,4,4
월세,효자동3가,서곡1길,65.91379310344827,202043.6551724138,15.413793103448276,2878.827586206897,27.6896551724138,2007.6538461538464,전북 전주시 효자동3가 서곡1길,127.10010977700001,35.834278762,29,29,29,29,29
월세,효자동3가,서곡2길,56.5225,202030.8125,18.15625,3703.125,26.53125,2009.0,전북 전주시 효자동3가 서곡2길,127.101858639,35.835231059,32,32,32,32,32
월세,효자동3가,서곡3길,67.24461538461539,202029.53846153847,16.923076923076927,3284.615384615385,32.53846153846154,2008.833333333333,전북 전주시 효자동3가 서곡3길,127.100718466,35.836078648000004,13,13,13,13,13
월세,효자동3가,서곡4길,60.01,202024.5,21.0,3083.333333333333,38.5,2012.2,전북 전주시 효자동3가 서곡4길,127.10261617200001,35.835154644,6,6,6,6,6
월세,효자동3가,서곡5길,62.19125,202043.5,15.5,7812.5,20.625,2014.0,전북 전주시 효자동3가 서곡5길,127.101535975,35.837212646,8,8,8,8,8
월세,효자동3가,서곡6길,52.07,202008.42857142846,11.0,3928.571428571429,22.142857142857146,2008.0,전북 전주시 효자동3가 서곡6길,127.103227492,35.836241592,7,7,7,7,7
월세,효자동3가,서곡7길,45.29666666666666,202040.33333333328,11.666666666666664,2333.333333333333,26.66666666666667,2009.0,전북 전주시 효자동3가 서곡7길,127.10255155600001,35.83225750000001,3,3,3,3,3
월세,효자동3가,서곡로,72.77666666666667,202022.33333333328,14.166666666666664,1500.0,42.833333333333336,2012.166666666667,전북 전주시 효자동3가 서곡로,127.103209115,35.837000436,6,6,6,6,6
월세,효자동3가,서원로,42.333333333333336,202038.33333333328,20.33333333333333,2166.6666666666665,20.0,2014.0,전북 전주시 효자동3가 서원로,127.109287685,35.814185298000005,3,3,3,3,3
월세,효자동3가,세내로,77.28999999999998,202046.6,20.8,4200.0,33.0,2010.75,전북 전주시 효자동3가 세내로,127.098679449,35.834582681,5,5,5,5,5
월세,효자동3가,용호로,42.10357142857144,202054.6428571429,15.142857142857142,1635.7142857142858,38.07142857142857,2013.5714285714291,전북 전주시 효자동3가 용호로,127.096824581,35.812366995,14,14,14,14,14
월세,효자동3가,척동10길,50.94583333333333,202022.58333333328,12.083333333333336,1691.666666666667,47.83333333333334,2012.833333333333,전북 전주시 효자동3가 척동10길,127.100075172,35.824846062,12,12,12,12,12
월세,효자동3가,척동1길,48.9135,202022.3,16.9,4035.0,29.65,2012.5,전북 전주시 효자동3가 척동1길,127.099043992,35.821423063000005,20,20,20,20,20
월세,효자동3가,척동2길,46.66666666666666,202038.66666666663,20.166666666666668,1733.333333333333,39.66666666666666,2011.6,전북 전주시 효자동3가 척동2길,127.10030005700001,35.821444651,6,6,6,6,6
월세,효자동3가,척동3길,46.389756097560976,202044.78048780488,15.707317073170733,2643.902439024391,29.63414634146341,2013.55,전북 전주시 효자동3가 척동3길,127.09979963200001,35.822113566999995,41,41,41,41,41
월세,효자동3가,척동4길,46.55714285714286,202055.1428571429,15.714285714285715,2714.285714285714,34.07142857142857,2013.333333333333,전북 전주시 효자동3가 척동4길,127.100095423,35.822315938,14,14,14,14,14
월세,효자동3가,척동5길,40.3175,202031.58333333328,11.916666666666664,2325.0,29.75,2012.916666666667,전북 전주시 효자동3가 척동5길,127.099805312,35.822963158,12,12,12,12,12
월세,효자동3가,척동6길,53.54875,202066.125,12.75,3562.5,35.375,2012.5,전북 전주시 효자동3가 척동6길,127.100817721,35.822985996999996,8,8,8,8,8
월세,효자동3가,척동7길,43.465,202024.25,17.125,2881.25,22.8125,2011.333333333333,전북 전주시 효자동3가 척동7길,127.098784119,35.823662432,16,16,16,16,16
월세,효자동3가,척동8길,50.741875,202026.6875,14.3125,3775.0,30.8125,2011.8666666666666,전북 전주시 효자동3가 척동8길,127.100879596,35.823427081999995,16,16,16,16,16
월세,효자동3가,척동9길,47.622,202045.8,18.4,4860.0,20.8,2011.75,전북 전주시 효자동3가 척동9길,127.099809915,35.824606662,5,5,5,5,5
월세,효자동3가,척동길,46.78529411764707,202035.94117647046,14.176470588235292,3517.6470588235293,32.294117647058826,2013.2307692307693,전북 전주시 효자동3가 척동길,127.09980894700001,35.824362559,17,17,17,17,17
월세,효자동3가,천잠로,50.0,202103.0,30.0,2000.0,40.0,2021.0,전북 전주시 효자동3가 천잠로,127.09214138899999,35.811710561999995,1,1,1,1,1
월세,효자동3가,홍산로,49.97,202009.0,24.0,1000.0,60.0,,전북 전주시 효자동3가 홍산로,127.10515013,35.808150243,1,1,1,1,1
월세,효자동3가,황강서원1길,50.902,202065.4,15.8,2460.0,40.6,2012.2,전북 전주시 효자동3가 황강서원1길,127.09830225299999,35.828167656,5,5,5,5,5
월세,효자동3가,황강서원2길,64.41764705882352,202035.05882352946,16.0,5164.705882352941,29.64705882352941,2012.1176470588239,전북 전주시 효자동3가 황강서원2길,127.099442304,35.827799041999995,17,17,17,17,17
월세,효자동3가,황강서원3길,60.0,202102.0,19.0,1500.0,70.0,2018.0,전북 전주시 효자동3가 황강서원3길,127.100095154,35.829119211,1,1,1,1,1
월세,효자동3가,황강서원4길,46.0652380952381,202034.80952380953,18.047619047619047,2747.6190476190477,35.333333333333336,2012.6,전북 전주시 효자동3가 황강서원4길,127.100386449,35.827546481999995,21,21,21,21,21
월세,효자동3가,황강서원5길,48.942,202047.0,16.9,3800.0,27.8,2011.888888888889,전북 전주시 효자동3가 황강서원5길,127.10136124,35.830010825,10,10,10,10,10
월세,효자동3가,황강서원로,60.93904761904764,202048.2857142857,16.428571428571427,3300.0,36.904761904761905,2012.1,전북 전주시 효자동3가 황강서원로,127.098499602,35.828366798000005,21,21,21,21,21
월세,효자동3가,효자로,52.428,202083.6,18.4,3700.0,38.6,2017.75,전북 전주시 효자동3가 효자로,127.10867288799999,35.820391554000004,5,5,5,5,5
전세,경원동2가,동문길,70.0,202102.0,24.0,8000.0,0.0,2010.0,전북 전주시 경원동2가 동문길,127.147800055,35.817682728,1,1,1,1,1
전세,경원동3가,현무1길,53.38,202038.0,25.0,5000.0,0.0,2004.0,전북 전주시 경원동3가 현무1길,127.14857609,35.819624074000004,3,3,3,3,3
전세,경원동3가,현무3길,56.76,202011.0,9.0,3500.0,0.0,1984.0,전북 전주시 경원동3가 현무3길,127.148921586,35.820521574000004,1,1,1,1,1
전세,고사동,전주객사2길,50.0,202008.0,8.0,3500.0,0.0,2010.0,전북 전주시 고사동 전주객사2길,127.141305121,35.817606371,1,1,1,1,1
전세,고사동,전주객사4길,109.85,202009.5,20.0,3750.0,0.0,2016.0,전북 전주시 고사동 전주객사4길,127.142886696,35.82203339,2,2,2,2,2
전세,고사동,전주객사5길,49.0,202103.0,13.0,5000.0,0.0,2014.0,전북 전주시 고사동 전주객사5길,127.144411,35.822505528,1,1,1,1,1
전세,교동,낙수정2길,66.0,202007.0,7.0,2000.0,0.0,,전북 전주시 교동 낙수정2길,127.16801356200001,35.810020852,1,1,1,1,1
전세,남노송동,간납대1길,73.0,202004.0,24.0,6000.0,0.0,1976.0,전북 전주시 남노송동 간납대1길,127.15928340200001,35.817520004,1,1,1,1,1
전세,남노송동,관선1길,33.43,202009.0,15.333333333333336,5333.333333333333,0.0,2003.666666666667,전북 전주시 남노송동 관선1길,127.154583621,35.819657409,3,3,3,3,3
전세,남노송동,관선3길,73.61142857142856,202020.8571428572,19.714285714285715,5528.571428571428,0.0,1978.666666666667,전북 전주시 남노송동 관선3길,127.15446813,35.820397593,7,7,7,7,7
전세,남노송동,관선5길,149.86,202012.0,14.0,5000.0,0.0,1983.0,전북 전주시 남노송동 관선5길,127.15717191899999,35.821924685,1,1,1,1,1
전세,남노송동,마당재1길,62.723333333333336,202009.16666666663,9.166666666666666,8083.333333333332,0.0,2011.4,전북 전주시 남노송동 마당재1길,127.16025032600001,35.819544121999996,6,6,6,6,6
전세,남노송동,마당재2길,56.165,202056.0,12.0,4500.0,0.0,1988.5,전북 전주시 남노송동 마당재2길,127.160730412,35.820976045,2,2,2,2,2
전세,다가동3가,전주객사1길,26.66666666666667,202004.33333333328,21.66666666666667,5666.666666666668,0.0,2002.0,전북 전주시 다가동3가 전주객사1길,127.140470217,35.817099055999996,3,3,3,3,3
전세,대성동,객원길,96.5,202101.0,15.0,10000.0,0.0,1983.0,전북 전주시 대성동 객원길,127.175506664,35.798614533,1,1,1,1,1
전세,동서학동,서학4길,33.0,202012.0,29.0,2600.0,0.0,,전북 전주시 동서학동 서학4길,127.15270649600001,35.806932184000004,1,1,1,1,1
전세,동서학동,서학로,99.57,202012.0,23.0,13000.0,0.0,1980.0,전북 전주시 동서학동 서학로,127.161948564,35.809085707,1,1,1,1,1
전세,동서학동,장승배기로,45.0,202012.0,9.0,5000.0,0.0,2018.0,전북 전주시 동서학동 장승배기로,127.15207232600001,35.805381818,1,1,1,1,1
전세,동서학동,전주천서로,125.0,202007.0,23.0,20000.0,0.0,2017.0,전북 전주시 동서학동 전주천서로,127.16086241200001,35.810698712,1,1,1,1,1
전세,동서학동,천경로,36.0,202012.0,9.0,4000.0,0.0,1979.0,전북 전주시 동서학동 천경로,127.15303545299999,35.806680309,1,1,1,1,1
전세,동서학동,학봉1길,51.56,202011.0,5.0,5000.0,0.0,,전북 전주시 동서학동 학봉1길,127.15181098299999,35.804615936,1,1,1,1,1
전세,동서학동,황학5길,76.936,202102.2,19.4,8400.0,0.0,1990.0,전북 전주시 동서학동 황학5길,127.159254085,35.80762556,5,5,5,5,5
전세,동완산동,전주천서로,100.0,202007.0,11.0,5000.0,0.0,2003.0,전북 전주시 동완산동 전주천서로,127.147741363,35.810529421999995,1,1,1,1,1
전세,삼천동1가,거마남로,70.39999999999998,202009.0,11.0,5000.0,0.0,1993.666666666667,전북 전주시 삼천동1가 거마남로,127.117068365,35.794942624,3,3,3,3,3
전세,삼천동1가,거마산1길,56.74,202054.0,15.5,3750.0,0.0,1993.5,전북 전주시 삼천동1가 거마산1길,127.121686466,35.79753865,2,2,2,2,2
전세,삼천동1가,거마산2길,49.75,202054.0,19.5,3250.0,0.0,1994.5,전북 전주시 삼천동1가 거마산2길,127.12385374200001,35.796770205,2,2,2,2,2
전세,삼천동1가,거마산로,74.88499999999998,202031.25,12.0,5125.0,0.0,1996.0,전북 전주시 삼천동1가 거마산로,127.12253449,35.796910799,4,4,4,4,4
전세,삼천동1가,거마서로,87.86,202054.0,12.0,5000.0,0.0,1993.5,전북 전주시 삼천동1가 거마서로,127.119589241,35.793479685,2,2,2,2,2
전세,삼천동1가,거마중앙로,81.61,202072.33333333328,19.666666666666668,6166.666666666668,0.0,1994.0,전북 전주시 삼천동1가 거마중앙로,127.122368902,35.796329723,3,3,3,3,3
전세,삼천동1가,삼천천변1길,72.65,202009.0,17.0,8000.0,0.0,2016.0,전북 전주시 삼천동1가 삼천천변1길,127.11196986799999,35.795273303,1,1,1,1,1
전세,삼천동1가,삼천천변2길,47.46666666666667,202005.66666666663,16.666666666666668,7000.0,0.0,2016.333333333333,전북 전주시 삼천동1가 삼천천변2길,127.11428852200001,35.796898168,3,3,3,3,3
전세,삼천동1가,삼천천변3길,60.0,202005.0,2.0,7500.0,0.0,2018.0,전북 전주시 삼천동1가 삼천천변3길,127.111538786,35.798208902,1,1,1,1,1
전세,삼천동1가,상거마1길,147.66,202006.5,19.0,6250.0,0.0,1995.5,전북 전주시 삼천동1가 상거마1길,127.119521405,35.79555904,2,2,2,2,2
전세,삼천동1가,상거마2길,57.5,202008.0,15.5,3250.0,0.0,1993.5,전북 전주시 삼천동1가 상거마2길,127.11984461899999,35.795713338,2,2,2,2,2
전세,삼천동1가,상거마3길,66.0125,202054.75,14.75,4750.0,0.0,1994.0,전북 전주시 삼천동1가 상거마3길,127.119849372,35.79606407,4,4,4,4,4
전세,삼천동1가,상거마4길,56.55,202039.66666666663,13.333333333333336,4333.333333333333,0.0,2008.0,전북 전주시 삼천동1가 상거마4길,127.11951712700001,35.797009096,3,3,3,3,3
전세,삼천동1가,솟대1길,101.38,202008.4,13.6,6160.0,0.0,2000.5,전북 전주시 삼천동1가 솟대1길,127.126140112,35.794394214,5,5,5,5,5
전세,삼천동1가,솟대2길,48.966923076923074,202008.0769230769,15.538461538461535,3476.9230769230767,0.0,1998.3636363636365,전북 전주시 삼천동1가 솟대2길,127.125889461,35.795251491,13,13,13,13,13
전세,삼천동1가,송정1길,65.5,202054.0,20.5,3750.0,0.0,1994.0,전북 전주시 삼천동1가 송정1길,127.11953905200001,35.798996035,2,2,2,2,2
전세,삼천동1가,송정2길,50.85,202007.5,20.0,4250.0,0.0,1994.0,전북 전주시 삼천동1가 송정2길,127.11914412200001,35.799742138,2,2,2,2,2
전세,삼천동1가,송정3길,59.4,202010.5,18.5,6000.0,0.0,1990.0,전북 전주시 삼천동1가 송정3길,127.12037198,35.800863317,2,2,2,2,2
전세,삼천동1가,송정로,84.79999999999998,202007.57142857145,9.428571428571429,5000.0,0.0,1989.833333333333,전북 전주시 삼천동1가 송정로,127.117766983,35.80216291,7,7,7,7,7
전세,삼천동1가,안행2길,91.805,202102.0,14.5,8000.0,0.0,2008.5,전북 전주시 삼천동1가 안행2길,127.12959725399999,35.801035301999995,2,2,2,2,2
전세,삼천동1가,안행4길,44.9,202071.33333333328,19.666666666666668,5000.0,0.0,2012.0,전북 전주시 삼천동1가 안행4길,127.13190822700001,35.799999905,3,3,3,3,3
전세,삼천동1가,안행6길,53.16,202007.5,9.5,6000.0,0.0,2014.0,전북 전주시 삼천동1가 안행6길,127.13288744299999,35.800914874,2,2,2,2,2
전세,삼천동1가,안행8길,66.85,202009.0,25.0,8250.0,0.0,2012.0,전북 전주시 삼천동1가 안행8길,127.134105155,35.800786441999996,2,2,2,2,2
전세,삼천동1가,양지2길,99.28,202006.0,1.0,5000.0,0.0,2020.0,전북 전주시 삼천동1가 양지2길,127.120940062,35.792419736999996,1,1,1,1,1
전세,삼천동1가,용리로,75.46,202040.0,27.0,6000.0,0.0,1993.5,전북 전주시 삼천동1가 용리로,127.120953095,35.798494589,3,3,3,3,3
전세,삼천동1가,하거마1길,85.86,202009.0,29.0,6000.0,0.0,1993.0,전북 전주시 삼천동1가 하거마1길,127.119034104,35.792839191,1,1,1,1,1
전세,삼천동1가,하거마2길,48.540000000000006,202056.25,17.375,4825.0,0.0,1994.5,전북 전주시 삼천동1가 하거마2길,127.118912084,35.793572609,8,8,8,8,8
전세,삼천동1가,하거마3길,88.9225,202030.5,20.75,6375.0,0.0,1993.5,전북 전주시 삼천동1가 하거마3길,127.1188712,35.794551464,4,4,4,4,4
전세,삼천동1가,하거마4길,77.434,202027.8,13.4,5160.0,0.0,1994.25,전북 전주시 삼천동1가 하거마4길,127.11891309399999,35.795306959,5,5,5,5,5
전세,삼천동1가,하거마5길,64.35833333333333,202039.33333333328,14.5,5000.0,0.0,1994.75,전북 전주시 삼천동1가 하거마5길,127.118871284,35.79622017,6,6,6,6,6
전세,삼천동1가,하거마6길,55.48666666666667,202009.0,17.333333333333332,3000.0,0.0,1994.333333333333,전북 전주시 삼천동1가 하거마6길,127.11928784700001,35.796807688,3,3,3,3,3
전세,삼천동1가,하거마7길,59.0,202008.0,10.0,2800.0,0.0,1995.0,전북 전주시 삼천동1가 하거마7길,127.11908219799999,35.798304537,1,1,1,1,1
전세,삼천동2가,비아길,99.63,202006.0,1.0,9000.0,0.0,2001.0,전북 전주시 삼천동2가 비아길,127.103718696,35.779664025,1,1,1,1,1
전세,삼천동2가,정동길,88.84,202011.0,18.0,5000.0,0.0,2019.0,전북 전주시 삼천동2가 정동길,127.10370463299999,35.782300549,1,1,1,1,1
전세,서노송동,물왕멀3길,66.9,202007.0,16.5,2250.0,0.0,1999.0,전북 전주시 서노송동 물왕멀3길,127.146961512,35.827399109,2,2,2,2,2
전세,서노송동,물왕멀4길,47.375,202056.0,20.0,6000.0,0.0,2012.25,전북 전주시 서노송동 물왕멀4길,127.146704329,35.828408465,4,4,4,4,4
전세,서서학동,공수내1길,100.45,202004.0,7.0,5000.0,0.0,,전북 전주시 서서학동 공수내1길,127.148276235,35.805330280999996,1,1,1,1,1
전세,서서학동,공수내2길,99.09,202007.0,7.0,2500.0,0.0,1981.0,전북 전주시 서서학동 공수내2길,127.14842167200001,35.807520822,1,1,1,1,1
전세,서서학동,공수내로,70.83,202007.0,4.0,2500.0,0.0,1995.0,전북 전주시 서서학동 공수내로,127.148695086,35.805756645,1,1,1,1,1
전세,서서학동,서학2길,31.98,202040.0,13.333333333333336,3466.666666666666,0.0,1996.0,전북 전주시 서서학동 서학2길,127.150797641,35.805220365,3,3,3,3,3
전세,서서학동,학봉1길,58.2,202007.0,10.0,6000.0,0.0,,전북 전주시 서서학동 학봉1길,127.151563028,35.804502989,1,1,1,1,1
전세,서서학동,흑석1길,78.22,202004.0,13.0,12000.0,0.0,2018.0,전북 전주시 서서학동 흑석1길,127.148416038,35.797590524,1,1,1,1,1
전세,서서학동,흑석로,55.21285714285716,202007.92857142846,15.928571428571427,4764.285714285715,0.0,2020.0,전북 전주시 서서학동 흑석로,127.149544746,35.803238101,14,14,14,14,14
전세,서신동,감나무3길,166.0,202006.0,25.0,8600.0,0.0,1999.0,전북 전주시 서신동 감나무3길,127.121788784,35.830816206,1,1,1,1,1
전세,서신동,감나무4길,125.0,202009.0,4.0,11000.0,0.0,1996.0,전북 전주시 서신동 감나무4길,127.12168671399999,35.831675685,1,1,1,1,1
전세,서신동,감나무로,57.52,202005.0,18.0,4800.0,0.0,1995.0,전북 전주시 서신동 감나무로,127.119919813,35.829470788,1,1,1,1,1
전세,서신동,고사평1길,45.02869565217391,202032.60869565216,13.08695652173913,5586.95652173913,0.0,2007.142857142857,전북 전주시 서신동 고사평1길,127.108066741,35.834956491999996,23,23,23,23,23
전세,서신동,고사평2길,75.53200000000002,202026.4,12.4,6700.0,0.0,2002.8,전북 전주시 서신동 고사평2길,127.109661611,35.834609126,5,5,5,5,5
전세,서신동,고사평3길,47.42100000000001,202046.0,18.0,3710.0,0.0,2009.3,전북 전주시 서신동 고사평3길,127.108248145,35.836171611,10,10,10,10,10
전세,서신동,고사평4길,37.87384615384615,202022.61538461526,15.923076923076925,4553.846153846154,0.0,2005.9230769230767,전북 전주시 서신동 고사평4길,127.110402534,35.835359565,13,13,13,13,13
전세,서신동,고사평5길,49.018461538461544,202023.15384615387,15.384615384615385,4907.692307692308,0.0,2005.0,전북 전주시 서신동 고사평5길,127.108066741,35.834956491999996,13,13,13,13,13
전세,서신동,고사평6길,43.025,202078.75,7.75,3200.0,0.0,2008.75,전북 전주시 서신동 고사평6길,127.110021244,35.836417579,4,4,4,4,4
전세,서신동,고사평7길,54.27956521739131,202053.69565217392,16.565217391304348,5608.695652173914,0.0,2008.3636363636365,전북 전주시 서신동 고사평7길,127.11008986799999,35.837074049,23,23,23,23,23
전세,서신동,고사평8길,41.25,202008.5,25.5,3900.0,0.0,2009.5,전북 전주시 서신동 고사평8길,127.11106298899999,35.836626854,2,2,2,2,2
전세,서신동,고사평9길,53.59411764705883,202041.29411764702,17.941176470588232,5788.235294117647,0.0,2007.0,전북 전주시 서신동 고사평9길,127.11069281399999,35.837730431,17,17,17,17,17
전세,서신동,고사평로,71.73333333333333,202069.66666666663,14.0,9666.666666666666,0.0,2006.333333333333,전북 전주시 서신동 고사평로,127.10966630200001,35.8348638,3,3,3,3,3
전세,서신동,백제대로,35.9,202005.0,15.0,1000.0,0.0,1979.0,전북 전주시 서신동 백제대로,127.122308675,35.825546333,1,1,1,1,1
전세,서신동,새터로,56.54,202011.0,14.5,7875.0,0.0,2014.5,전북 전주시 서신동 새터로,127.119744302,35.835176732,4,4,4,4,4
전세,서신동,서신로,72.02,202009.0,4.0,7000.0,0.0,1996.0,전북 전주시 서신동 서신로,127.11562275700001,35.834838695,1,1,1,1,1
전세,서신동,서신천변10길,51.804285714285705,202061.57142857145,9.714285714285714,3942.857142857143,0.0,2000.8,전북 전주시 서신동 서신천변10길,127.114485483,35.829860944,7,7,7,7,7
전세,서신동,서신천변13길,46.295,202006.0,13.5,4500.0,0.0,2003.5,전북 전주시 서신동 서신천변13길,127.114083887,35.830397891,2,2,2,2,2
전세,서신동,서신천변15길,57.75,202057.5,8.0,4000.0,0.0,1996.5,전북 전주시 서신동 서신천변15길,127.11407416200001,35.83172749,2,2,2,2,2
전세,서신동,서신천변1길,86.1625,202056.25,20.0,7250.0,0.0,2011.0,전북 전주시 서신동 서신천변1길,127.113448176,35.826475104000004,4,4,4,4,4
전세,서신동,서신천변2길,37.205714285714286,202049.57142857145,14.428571428571427,2857.142857142857,0.0,2002.666666666667,전북 전주시 서신동 서신천변2길,127.115137261,35.826536606,7,7,7,7,7
전세,서신동,서신천변3길,51.0,202007.0,2.0,3500.0,0.0,1997.0,전북 전주시 서신동 서신천변3길,127.114058784,35.827755431,1,1,1,1,1
전세,서신동,서신천변4길,36.615,202007.66666666663,12.333333333333336,3666.666666666666,0.0,2000.333333333333,전북 전주시 서신동 서신천변4길,127.11433024200001,35.827965283000005,6,6,6,6,6
전세,서신동,서신천변5길,62.48333333333333,202038.83333333328,8.166666666666666,3916.666666666666,0.0,1996.666666666667,전북 전주시 서신동 서신천변5길,127.114050445,35.828103809,6,6,6,6,6
전세,서신동,서신천변6길,58.0,202010.0,9.0,4000.0,0.0,1997.0,전북 전주시 서신동 서신천변6길,127.114750425,35.828089647,1,1,1,1,1
전세,서신동,서신천변7길,33.86,202055.25,15.25,4250.0,0.0,2007.0,전북 전주시 서신동 서신천변7길,127.11349008100001,35.828687908,4,4,4,4,4
전세,서신동,서신천변8길,30.5,202021.625,16.75,4250.0,0.0,2001.833333333333,전북 전주시 서신동 서신천변8길,127.115166931,35.828493164,8,8,8,8,8
전세,서신동,서신천변9길,102.84,202011.0,20.0,12000.0,0.0,1995.0,전북 전주시 서신동 서신천변9길,127.11406536700001,35.829683259,1,1,1,1,1
전세,서신동,서신천변로,66.83333333333333,202007.0,19.666666666666668,6166.666666666668,0.0,1995.666666666667,전북 전주시 서신동 서신천변로,127.114072921,35.826345885,3,3,3,3,3
전세,서신동,안터1길,55.0,202012.0,28.0,10000.0,0.0,2018.0,전북 전주시 서신동 안터1길,127.117376059,35.827430233,1,1,1,1,1
전세,서신동,안터2길,45.5,202102.5,6.5,3000.0,0.0,2007.0,전북 전주시 서신동 안터2길,127.11867301299999,35.828509566,2,2,2,2,2
전세,서신동,안터4길,35.484,202026.2,13.6,3350.0,0.0,2004.7777777777767,전북 전주시 서신동 안터4길,127.119029052,35.829246364,10,10,10,10,10
전세,서신동,안터5길,47.56666666666666,202070.66666666663,20.666666666666668,5000.0,0.0,2002.0,전북 전주시 서신동 안터5길,127.11810333700001,35.83043061,3,3,3,3,3
전세,서신동,안터6길,21.35,202056.5,9.5,3250.0,0.0,2002.0,전북 전주시 서신동 안터6길,127.117844116,35.831481471,2,2,2,2,2
전세,서신동,유연로,69.44285714285715,202023.0,16.571428571428573,8528.57142857143,0.0,2013.5714285714291,전북 전주시 서신동 유연로,127.113665215,35.825571247,7,7,7,7,7
전세,서신동,잿뜸2길,50.25333333333333,202037.33333333328,13.666666666666664,4333.333333333333,0.0,2008.333333333333,전북 전주시 서신동 잿뜸2길,127.124646411,35.827808970999996,3,3,3,3,3
전세,서신동,전룡2길,39.6,202101.0,17.0,3000.0,0.0,1997.0,전북 전주시 서신동 전룡2길,127.117620894,35.826053188,1,1,1,1,1
전세,서신동,전룡3길,95.82,202101.0,24.0,9000.0,0.0,1998.0,전북 전주시 서신동 전룡3길,127.1179281,35.826190351,1,1,1,1,1
전세,서신동,전룡4길,145.0,202011.0,5.0,18000.0,0.0,2019.0,전북 전주시 서신동 전룡4길,127.11961732200001,35.826114154,1,1,1,1,1
전세,서신동,전룡5길,48.74,202037.0,17.666666666666668,5833.333333333332,0.0,2012.666666666667,전북 전주시 서신동 전룡5길,127.121202293,35.825922202,3,3,3,3,3
전세,서신동,전룡로,68.16499999999999,202007.0,8.0,12000.0,0.0,1998.5,전북 전주시 서신동 전룡로,127.11403496,35.8259343,2,2,2,2,2
전세,서완산동1가,빙고리2길,118.8,202011.0,5.0,17000.0,0.0,,전북 전주시 서완산동1가 빙고리2길,127.137746027,35.812230958,1,1,1,1,1
전세,서완산동1가,완산3길,62.0,202005.0,22.0,2400.0,0.0,,전북 전주시 서완산동1가 완산3길,127.14086595299999,35.811450812,1,1,1,1,1
전세,서완산동1가,용머리로,36.3,202005.0,1.0,5000.0,0.0,2012.0,전북 전주시 서완산동1가 용머리로,127.131583173,35.807258005,1,1,1,1,1
전세,서완산동1가,유기전2길,24.85333333333333,202009.33333333328,22.33333333333333,2900.0,0.0,2018.0,전북 전주시 서완산동1가 유기전2길,127.13680079999999,35.808302018,3,3,3,3,3
전세,서완산동2가,강당1길,46.76000000000001,202026.2,16.2,5400.0,0.0,2018.2,전북 전주시 서완산동2가 강당1길,127.13423731399999,35.809631425,5,5,5,5,5
전세,전동3가,풍남문2길,50.0,202011.0,20.0,5300.0,0.0,2010.0,전북 전주시 전동3가 풍남문2길,127.14414259600001,35.813655049,1,1,1,1,1
전세,중노송동,견훤로,60.0,202054.5,13.0,7000.0,0.0,2015.5,전북 전주시 중노송동 견훤로,127.162992321,35.820531791,2,2,2,2,2
전세,중노송동,견훤왕궁2길,72.25,202056.0,22.5,3850.0,0.0,1969.0,전북 전주시 중노송동 견훤왕궁2길,127.153136268,35.828347321,2,2,2,2,2
전세,중노송동,견훤왕궁로,53.33333333333334,202041.33333333328,5.666666666666668,6500.0,0.0,2017.0,전북 전주시 중노송동 견훤왕궁로,127.15353399899999,35.824872086999996,3,3,3,3,3
전세,중노송동,관선4길,68.545,202009.5,15.5,7750.0,0.0,2019.0,전북 전주시 중노송동 관선4길,127.154961567,35.822912173,2,2,2,2,2
전세,중노송동,관선5길,124.24,202012.0,7.0,15000.0,0.0,1978.0,전북 전주시 중노송동 관선5길,127.157528211,35.822982288,1,1,1,1,1
전세,중노송동,마당재3길,54.85714285714285,202036.2857142857,15.857142857142858,8000.0,0.0,2014.0,전북 전주시 중노송동 마당재3길,127.160491116,35.822188033,7,7,7,7,7
전세,중노송동,마당재4길,89.42,202102.0,20.0,8000.0,0.0,2004.0,전북 전주시 중노송동 마당재4길,127.160542735,35.823606966999996,1,1,1,1,1
전세,중노송동,문화1길,69.77571428571429,202061.2857142857,18.571428571428573,7571.428571428572,0.0,2015.857142857143,전북 전주시 중노송동 문화1길,127.15516766799999,35.824013518,7,7,7,7,7
전세,중노송동,문화2길,30.64,202005.0,30.0,3500.0,0.0,,전북 전주시 중노송동 문화2길,127.156101605,35.823810585,1,1,1,1,1
전세,중노송동,물왕멀로,30.714285714285715,202088.2857142857,12.571428571428573,3642.857142857143,0.0,2012.166666666667,전북 전주시 중노송동 물왕멀로,127.150737275,35.824566063,7,7,7,7,7
전세,중노송동,아중로,55.457142857142856,202049.0,19.714285714285715,2914.285714285714,0.0,1985.666666666667,전북 전주시 중노송동 아중로,127.1514534,35.822696952,7,7,7,7,7
전세,중노송동,인봉1길,74.745,202007.0,17.5,3500.0,0.0,1990.0,전북 전주시 중노송동 인봉1길,127.15837189700001,35.824414561,2,2,2,2,2
전세,중노송동,인봉2길,24.0,202012.0,13.0,1000.0,0.0,1983.0,전북 전주시 중노송동 인봉2길,127.154395899,35.827605504,1,1,1,1,1
전세,중노송동,인봉3길,72.28,202006.0,22.0,5000.0,0.0,1977.0,전북 전주시 중노송동 인봉3길,127.155058595,35.828368087,1,1,1,1,1
전세,중노송동,인봉남로,68.37666666666667,202009.0,16.0,2500.0,0.0,1972.666666666667,전북 전주시 중노송동 인봉남로,127.155261847,35.82645273,3,3,3,3,3
전세,중노송동,인봉로,59.40909090909091,202017.72727272726,14.636363636363635,6409.090909090909,0.0,2018.1818181818185,전북 전주시 중노송동 인봉로,127.158651065,35.823655751,11,11,11,11,11
전세,중노송동,인봉북로,44.31,202009.0,3.0,1250.0,0.0,1962.5,전북 전주시 중노송동 인봉북로,127.15402423299999,35.826792299999994,2,2,2,2,2
전세,중앙동4가,전라감영로,85.0,202006.0,30.0,9000.0,0.0,2012.0,전북 전주시 중앙동4가 전라감영로,127.143371398,35.815727454,1,1,1,1,1
전세,중인동,상승길,176.2,202004.0,21.0,23000.0,0.0,2014.0,전북 전주시 중인동 상승길,127.083673499,35.769396079,1,1,1,1,1
전세,중인동,중인3길,75.69,202101.0,25.0,7500.0,0.0,2008.0,전북 전주시 중인동 중인3길,127.093078513,35.766813674,1,1,1,1,1
전세,중화산동1가,강당2길,46.0075,202029.75,18.75,5500.0,0.0,2014.666666666667,전북 전주시 중화산동1가 강당2길,127.133743486,35.811408763,4,4,4,4,4
전세,중화산동1가,강당4길,25.487142857142853,202088.7142857143,16.142857142857142,4785.714285714285,0.0,2019.0,전북 전주시 중화산동1가 강당4길,127.13385206299999,35.813747127,7,7,7,7,7
전세,중화산동1가,따박골9길,52.24800000000001,202064.4,14.0,7600.0,0.0,2015.2,전북 전주시 중화산동1가 따박골9길,127.13021428299999,35.809918465,5,5,5,5,5
전세,중화산동1가,서원로,34.2,202044.0,19.8,4640.0,0.0,1997.6,전북 전주시 중화산동1가 서원로,127.12119683899999,35.812509585,5,5,5,5,5
전세,중화산동1가,선너머3길,49.824,202027.6,13.0,7700.0,0.0,2011.0,전북 전주시 중화산동1가 선너머3길,127.130841135,35.813536749,5,5,5,5,5
전세,중화산동1가,선너머로,30.0,202012.0,28.0,2500.0,0.0,2015.0,전북 전주시 중화산동1가 선너머로,127.126225595,35.816142881,1,1,1,1,1
전세,중화산동2가,따박골2길,75.0,202103.0,23.0,6000.0,0.0,1991.0,전북 전주시 중화산동2가 따박골2길,127.124804579,35.810887384000004,1,1,1,1,1
전세,중화산동2가,따박골5길,69.91666666666667,202008.33333333328,13.333333333333336,5666.666666666668,0.0,1990.666666666667,전북 전주시 중화산동2가 따박골5길,127.128285291,35.808234027,3,3,3,3,3
전세,중화산동2가,따박골8길,43.33333333333334,202005.66666666663,17.666666666666668,6666.666666666668,0.0,2020.0,전북 전주시 중화산동2가 따박골8길,127.12915724700001,35.811623005,3,3,3,3,3
전세,중화산동2가,메너머1길,47.944444444444436,202059.77777777766,18.0,5477.777777777777,0.0,2004.0,전북 전주시 중화산동2가 메너머1길,127.121905411,35.821180161,9,9,9,9,9
전세,중화산동2가,메너머2길,48.38416666666666,202050.375,13.875,7020.833333333332,0.0,2012.208333333333,전북 전주시 중화산동2가 메너머2길,127.121817191,35.82259223,24,24,24,24,24
전세,중화산동2가,메너머3길,52.43272727272727,202016.0909090909,14.909090909090908,6409.090909090909,0.0,2012.1818181818185,전북 전주시 중화산동2가 메너머3길,127.121560425,35.823717101999996,11,11,11,11,11
전세,중화산동2가,메너머4길,56.15599999999999,202045.1,15.8,7000.0,0.0,2008.555555555556,전북 전주시 중화산동2가 메너머4길,127.12158197,35.824817773,10,10,10,10,10
전세,중화산동2가,산월1길,33.0,202101.0,13.0,4750.0,0.0,2010.0,전북 전주시 중화산동2가 산월1길,127.122038216,35.812895138,2,2,2,2,2
전세,중화산동2가,산월2길,39.66,202004.0,2.0,7000.0,0.0,2012.0,전북 전주시 중화산동2가 산월2길,127.12172134299999,35.81393258,1,1,1,1,1
전세,중화산동2가,서원로,56.5,202006.0,21.5,5750.0,0.0,2007.0,전북 전주시 중화산동2가 서원로,127.11732597,35.813179726,2,2,2,2,2
전세,중화산동2가,선너머1길,63.0,202101.0,6.5,5500.0,0.0,2003.0,전북 전주시 중화산동2가 선너머1길,127.127890469,35.812367708000004,2,2,2,2,2
전세,중화산동2가,선너머2길,44.92857142857143,202019.7142857143,12.0,5928.571428571428,0.0,2017.0,전북 전주시 중화산동2가 선너머2길,127.128790475,35.81309377,7,7,7,7,7
전세,중화산동2가,선너머3길,44.93888888888889,202029.38888888888,14.555555555555555,6694.444444444444,0.0,2016.9444444444448,전북 전주시 중화산동2가 선너머3길,127.130157349,35.814451384,18,18,18,18,18
전세,중화산동2가,선너머로,40.45346153846153,202053.3076923077,15.846153846153848,7009.615384615385,0.0,2004.64,전북 전주시 중화산동2가 선너머로,127.126442375,35.816446776999996,52,52,52,52,52
전세,중화산동2가,신촌1길,53.4,202055.25,12.5,8750.0,0.0,2018.5,전북 전주시 중화산동2가 신촌1길,127.11702877399999,35.81373102,4,4,4,4,4
전세,중화산동2가,신촌2길,34.15714285714286,202062.0,17.714285714285715,3285.714285714286,0.0,1999.0,전북 전주시 중화산동2가 신촌2길,127.117997761,35.813972037,7,7,7,7,7
전세,중화산동2가,신촌3길,66.91,202008.0,12.0,6000.0,0.0,2007.5,전북 전주시 중화산동2가 신촌3길,127.11755407700001,35.81571926,2,2,2,2,2
전세,중화산동2가,신촌4길,88.63499999999998,202006.0,14.0,6250.0,0.0,2010.0,전북 전주시 중화산동2가 신촌4길,127.117173244,35.817951585,2,2,2,2,2
전세,중화산동2가,어은로,65.75,202055.5,16.5,6750.0,0.0,2004.5,전북 전주시 중화산동2가 어은로,127.12429389200001,35.816702821,2,2,2,2,2
전세,중화산동2가,영경1길,45.776666666666664,202023.83333333328,14.5,5750.0,0.0,2006.0,전북 전주시 중화산동2가 영경1길,127.12420165799999,35.820101756999996,6,6,6,6,6
전세,중화산동2가,영경2길,104.28,202004.0,7.0,3000.0,0.0,1997.0,전북 전주시 중화산동2가 영경2길,127.124103707,35.817461633,1,1,1,1,1
전세,중화산동2가,영선로,86.10333333333334,202009.0,29.0,16500.0,0.0,2015.333333333333,전북 전주시 중화산동2가 영선로,127.123814885,35.823028349,3,3,3,3,3
전세,중화산동2가,인정1길,52.047777777777775,202060.66666666663,15.444444444444445,10333.333333333334,0.0,2015.428571428572,전북 전주시 중화산동2가 인정1길,127.121202605,35.819455699,9,9,9,9,9
전세,중화산동2가,인정2길,22.26,202006.0,1.0,4000.0,0.0,2019.0,전북 전주시 중화산동2가 인정2길,127.11913617399999,35.819955696,1,1,1,1,1
전세,중화산동2가,인정3길,32.800000000000004,202026.16666666663,20.83333333333333,4000.0,0.0,2005.333333333333,전북 전주시 중화산동2가 인정3길,127.12006496299999,35.82043116,6,6,6,6,6
전세,중화산동2가,인정4길,49.03416666666666,202048.16666666663,13.583333333333336,6375.0,0.0,2010.7272727272727,전북 전주시 중화산동2가 인정4길,127.11913617399999,35.819955696,12,12,12,12,12
전세,중화산동2가,인정로,23.1,202011.0,11.0,4000.0,0.0,2001.0,전북 전주시 중화산동2가 인정로,127.120349144,35.820009556,1,1,1,1,1
전세,중화산동2가,중산1길,47.65666666666666,202040.0,16.5,5083.333333333333,0.0,2003.5,전북 전주시 중화산동2가 중산1길,127.120230714,35.814340898000005,6,6,6,6,6
전세,중화산동2가,중산2길,55.0,202005.5,15.5,3500.0,0.0,2002.5,전북 전주시 중화산동2가 중산2길,127.12138948399999,35.814368996999995,2,2,2,2,2
전세,중화산동2가,중산3길,60.625,202032.25,16.25,4450.0,0.0,2003.75,전북 전주시 중화산동2가 중산3길,127.120208847,35.815634308,4,4,4,4,4
전세,중화산동2가,중산5길,49.98,202028.6,16.2,5400.0,0.0,1997.75,전북 전주시 중화산동2가 중산5길,127.121274205,35.815974892,5,5,5,5,5
전세,중화산동2가,중산6길,40.37428571428571,202048.57142857145,14.857142857142858,5142.857142857143,0.0,2013.833333333333,전북 전주시 중화산동2가 중산6길,127.120453595,35.816995124,7,7,7,7,7
전세,중화산동2가,중산7길,38.44777777777777,202017.77777777766,13.777777777777779,6277.777777777777,0.0,2014.888888888889,전북 전주시 중화산동2가 중산7길,127.118909336,35.817896728,9,9,9,9,9
전세,중화산동2가,중산8길,53.42857142857143,202055.2142857143,15.142857142857142,6000.0,0.0,2010.857142857143,전북 전주시 중화산동2가 중산8길,127.121355978,35.817899089,14,14,14,14,14
전세,중화산동2가,중산9길,68.704,202009.4,15.2,7900.0,0.0,2010.2,전북 전주시 중화산동2가 중산9길,127.11929415600001,35.818749323,5,5,5,5,5
전세,중화산동2가,중산로,51.96200000000001,202008.4,24.2,9100.0,0.0,2016.8,전북 전주시 중화산동2가 중산로,127.12051904799999,35.814915724,5,5,5,5,5
전세,중화산동2가,중산중앙로,40.0,202054.0,10.5,3250.0,0.0,2012.0,전북 전주시 중화산동2가 중산중앙로,127.119454484,35.816206571,2,2,2,2,2
전세,중화산동2가,중화산로,37.25,202056.5,22.0,6000.0,0.0,2013.0,전북 전주시 중화산동2가 중화산로,127.118324662,35.81927427,2,2,2,2,2
전세,중화산동2가,한두평3길,36.6,202045.0,11.8,5500.0,0.0,2016.8,전북 전주시 중화산동2가 한두평3길,127.12412883200001,35.81468165,5,5,5,5,5
전세,중화산동2가,화산천변2길,40.0,202004.0,20.0,4500.0,0.0,2011.0,전북 전주시 중화산동2가 화산천변2길,127.117333735,35.819556029,1,1,1,1,1
전세,중화산동2가,화산천변3길,45.34,202007.57142857145,11.571428571428573,9357.142857142857,0.0,2019.857142857143,전북 전주시 중화산동2가 화산천변3길,127.115224121,35.820590322,7,7,7,7,7
전세,중화산동2가,화산천변4길,39.7,202010.5,10.0,3350.0,0.0,2002.0,전북 전주시 중화산동2가 화산천변4길,127.117542754,35.820232696,2,2,2,2,2
전세,태평동,공북2길,58.95,202102.0,23.0,7500.0,0.0,2021.0,전북 전주시 태평동 공북2길,127.138423075,35.826840714,2,2,2,2,2
전세,태평동,대동로,65.78,202006.0,17.5,4500.0,0.0,1956.0,전북 전주시 태평동 대동로,127.135883133,35.821329596999995,2,2,2,2,2
전세,평화동1가,꽃밭정2길,53.0,202007.0,23.0,3000.0,0.0,1991.0,전북 전주시 평화동1가 꽃밭정2길,127.134080542,35.796711421,1,1,1,1,1
전세,평화동1가,꽃밭정4길,50.04666666666667,202009.33333333328,16.5,5833.333333333332,0.0,2013.0,전북 전주시 평화동1가 꽃밭정4길,127.134999077,35.797801288,6,6,6,6,6
전세,평화동1가,꽃밭정7길,49.68,202008.0,24.0,2500.0,0.0,1981.0,전북 전주시 평화동1가 꽃밭정7길,127.13835964200001,35.798752545999996,1,1,1,1,1
전세,평화동1가,덕적골1길,71.25,202055.5,13.5,7250.0,0.0,2013.0,전북 전주시 평화동1가 덕적골1길,127.1383138,35.796794122,2,2,2,2,2
전세,평화동1가,덕적골3길,51.056,202028.4,16.0,6800.0,0.0,2016.8,전북 전주시 평화동1가 덕적골3길,127.144716325,35.799054584000004,5,5,5,5,5
전세,평화동1가,맏내4길,63.35333333333333,202009.66666666663,16.333333333333332,7066.666666666668,0.0,2003.0,전북 전주시 평화동1가 맏내4길,127.131055476,35.79389320000001,3,3,3,3,3
전세,평화동1가,장승배기1길,67.592,202045.0,12.2,4100.0,0.0,2007.5,전북 전주시 평화동1가 장승배기1길,127.139600753,35.798872755,5,5,5,5,5
전세,평화동1가,장승배기2길,42.0,202009.0,18.0,1500.0,0.0,1994.0,전북 전주시 평화동1가 장승배기2길,127.141068983,35.799852089,1,1,1,1,1
전세,평화동1가,장승배기3길,43.38666666666666,202102.33333333328,14.333333333333336,7166.666666666668,0.0,2003.0,전북 전주시 평화동1가 장승배기3길,127.14244047700001,35.799963256999995,3,3,3,3,3
전세,평화동1가,평화14길,61.6275,202032.0,21.0,8675.0,0.0,2010.0,전북 전주시 평화동1가 평화14길,127.134999077,35.797801288,4,4,4,4,4
전세,평화동1가,평화16길,42.8,202046.4,14.4,4700.0,0.0,2015.0,전북 전주시 평화동1가 평화16길,127.137364801,35.792463864,5,5,5,5,5
전세,평화동1가,평화17길,25.39,202103.0,8.0,5000.0,0.0,2019.0,전북 전주시 평화동1가 평화17길,127.13730731700001,35.793713505999996,1,1,1,1,1
전세,평화동1가,평화18길,63.39333333333334,202009.0,17.333333333333332,4333.333333333333,0.0,2007.666666666667,전북 전주시 평화동1가 평화18길,127.133081428,35.794213403,3,3,3,3,3
전세,평화동1가,평화19길,46.5,202007.5,9.5,5000.0,0.0,2010.0,전북 전주시 평화동1가 평화19길,127.137263901,35.794884402,2,2,2,2,2
전세,평화동1가,평화로,47.5,202053.0,24.0,5250.0,0.0,2011.0,전북 전주시 평화동1가 평화로,127.13598940700001,35.790466461,2,2,2,2,2
전세,평화동2가,구이로,97.3,202010.0,16.0,10000.0,0.0,2003.0,전북 전주시 평화동2가 구이로,127.128159459,35.774667945,1,1,1,1,1
전세,평화동2가,맏내로,49.5,202011.0,14.0,5000.0,0.0,2014.0,전북 전주시 평화동2가 맏내로,127.12856189899999,35.789389015,1,1,1,1,1
전세,평화동2가,모악로,20.0,202102.0,20.0,3500.0,0.0,2016.0,전북 전주시 평화동2가 모악로,127.128213176,35.784199598,1,1,1,1,1
전세,평화동2가,소대배기로,140.82,202007.0,7.0,18000.0,0.0,1996.0,전북 전주시 평화동2가 소대배기로,127.13118015,35.787219007,1,1,1,1,1
전세,평화동2가,평화11길,44.355,202007.75,19.0,4875.0,0.0,2011.333333333333,전북 전주시 평화동2가 평화11길,127.136378229,35.78956258,4,4,4,4,4
전세,평화동2가,평화13길,44.69428571428572,202076.1428571429,18.571428571428573,5285.714285714285,0.0,2010.0,전북 전주시 평화동2가 평화13길,127.136675557,35.790476661,7,7,7,7,7
전세,평화동2가,평화14길,29.9,202009.0,3.0,6000.0,0.0,2019.0,전북 전주시 평화동2가 평화14길,127.134882106,35.791961393,1,1,1,1,1
전세,평화동2가,평화15길,63.0,202071.0,15.666666666666664,7166.666666666668,0.0,2014.333333333333,전북 전주시 평화동2가 평화15길,127.13701829200001,35.791556676,3,3,3,3,3
전세,평화동2가,평화1길,49.74,202040.33333333328,16.666666666666668,4166.666666666667,0.0,2013.666666666667,전북 전주시 평화동2가 평화1길,127.13173654,35.782192108000004,3,3,3,3,3
전세,평화동2가,평화3길,118.44,202008.0,10.0,9200.0,0.0,2002.0,전북 전주시 평화동2가 평화3길,127.132222802,35.782981658000004,1,1,1,1,1
전세,평화동2가,평화4길,71.72363636363637,202034.0,16.181818181818183,8654.545454545454,0.0,2015.2,전북 전주시 평화동2가 평화4길,127.134151663,35.78261537,11,11,11,11,11
전세,평화동2가,평화6길,34.3325,202008.0,21.25,3500.0,0.0,2018.75,전북 전주시 평화동2가 평화6길,127.133015195,35.788230685,4,4,4,4,4
전세,평화동2가,평화7길,84.21000000000002,202031.5,16.75,10125.0,0.0,2020.0,전북 전주시 평화동2가 평화7길,127.136338166,35.787978888000005,4,4,4,4,4
전세,평화동2가,평화8길,81.74,202011.0,11.0,8000.0,0.0,,전북 전주시 평화동2가 평화8길,127.13441617,35.789117508000004,1,1,1,1,1
전세,평화동2가,평화로,112.61,202005.0,5.0,16000.0,0.0,2013.0,전북 전주시 평화동2가 평화로,127.13465114899999,35.786272238,1,1,1,1,1
전세,풍남동3가,태조로,66.43,202009.0,24.0,10000.0,0.0,1930.0,전북 전주시 풍남동3가 태조로,127.153582073,35.815053440999996,1,1,1,1,1
전세,효자동1가,거마평로,79.50823529411764,202041.8823529412,16.588235294117652,10941.176470588236,0.0,2017.058823529412,전북 전주시 효자동1가 거마평로,127.116497404,35.801535457,17,17,17,17,17
전세,효자동1가,밤나무1길,40.0,202009.0,8.0,6000.0,0.0,2016.0,전북 전주시 효자동1가 밤나무1길,127.116662011,35.809534428,1,1,1,1,1
전세,효자동1가,밤나무2길,63.67,202032.25,19.0,3475.0,0.0,1990.5,전북 전주시 효자동1가 밤나무2길,127.118248723,35.809650790999996,4,4,4,4,4
전세,효자동1가,성지산1길,95.82333333333334,202039.0,16.0,4000.0,0.0,1990.0,전북 전주시 효자동1가 성지산1길,127.123048078,35.803699823,3,3,3,3,3
전세,효자동1가,성지산2길,59.85,202007.0,13.0,3000.0,0.0,1988.0,전북 전주시 효자동1가 성지산2길,127.122702411,35.804594926,1,1,1,1,1
전세,효자동1가,성지산3길,56.19,202008.0,1.0,2050.0,0.0,1988.0,전북 전주시 효자동1가 성지산3길,127.122553188,35.805510988,1,1,1,1,1
전세,효자동1가,송정로,92.12,202011.0,15.0,6000.0,0.0,1988.0,전북 전주시 효자동1가 송정로,127.116979055,35.802454489,1,1,1,1,1
전세,효자동1가,신봉5길,67.32,202103.0,6.0,5000.0,0.0,1992.0,전북 전주시 효자동1가 신봉5길,127.11539965,35.811376204,1,1,1,1,1
전세,효자동1가,안행7길,56.0,202101.0,21.0,5000.0,0.0,2014.0,전북 전주시 효자동1가 안행7길,127.13397480299999,35.802718911,1,1,1,1,1
전세,효자동1가,오두정1길,53.24,202101.0,29.0,10000.0,0.0,2021.0,전북 전주시 효자동1가 오두정1길,127.119561281,35.806947655,1,1,1,1,1
전세,효자동1가,외칠봉4길,44.05,202055.5,15.0,4000.0,0.0,,전북 전주시 효자동1가 외칠봉4길,127.135274689,35.805020868,2,2,2,2,2
전세,효자동1가,용머리로,58.285,202031.0,15.75,11125.0,0.0,2015.0,전북 전주시 효자동1가 용머리로,127.128261815,35.806144671,4,4,4,4,4
전세,효자동1가,효동1길,56.2,202101.0,7.0,4000.0,0.0,1982.0,전북 전주시 효자동1가 효동1길,127.124525888,35.804958668000005,1,1,1,1,1
전세,효자동1가,효동2길,33.888000000000005,202046.2,20.4,3900.0,0.0,2011.5,전북 전주시 효자동1가 효동2길,127.128149158,35.805869216,5,5,5,5,5
전세,효자동1가,효동3길,50.07,202008.0,18.0,4750.0,0.0,2011.5,전북 전주시 효자동1가 효동3길,127.12867977,35.805531334,2,2,2,2,2
전세,효자동1가,효자천변1길,75.50625000000002,202067.5,17.125,7750.0,0.0,2003.5,전북 전주시 효자동1가 효자천변1길,127.11424632299999,35.80063619,8,8,8,8,8
전세,효자동1가,효정1길,36.48,202010.0,11.0,3000.0,0.0,2001.0,전북 전주시 효자동1가 효정1길,127.134488483,35.806074808000005,1,1,1,1,1
전세,효자동2가,강변로,50.8,202055.5,22.0,4500.0,0.0,2012.0,전북 전주시 효자동2가 강변로,127.11161548,35.808843685,2,2,2,2,2
전세,효자동2가,구룡1길,48.92909090909091,202025.5,16.954545454545453,6818.181818181818,0.0,2010.3,전북 전주시 효자동2가 구룡1길,127.102963699,35.812026721,22,22,22,22,22
전세,효자동2가,구룡2길,43.39142857142856,202028.5,14.285714285714285,6571.428571428572,0.0,2011.2727272727273,전북 전주시 효자동2가 구룡2길,127.102957138,35.813144306999995,14,14,14,14,14
전세,효자동2가,범안1길,58.64,202045.2,13.6,6900.0,0.0,2010.4,전북 전주시 효자동2가 범안1길,127.108427205,35.812723105,5,5,5,5,5
전세,효자동2가,범안2길,41.25466666666667,202032.73333333328,16.533333333333335,6033.333333333332,0.0,2011.857142857143,전북 전주시 효자동2가 범안2길,127.10803162,35.813323819000004,15,15,15,15,15
전세,효자동2가,범안3길,48.72571428571428,202048.57142857145,14.071428571428573,6642.857142857143,0.0,2011.6153846153845,전북 전주시 효자동2가 범안3길,127.106806292,35.812121429,14,14,14,14,14
전세,효자동2가,봉곡1길,53.72176470588235,202040.82352941172,13.705882352941178,7958.823529411765,0.0,2010.0,전북 전주시 효자동2가 봉곡1길,127.098237959,35.813013868,17,17,17,17,17
전세,효자동2가,봉곡3길,44.56444444444444,202044.16666666663,15.277777777777779,6416.666666666668,0.0,2010.25,전북 전주시 효자동2가 봉곡3길,127.09905218,35.812305985,18,18,18,18,18
전세,효자동2가,봉곡로,61.2,202044.4,14.6,10600.0,0.0,2011.2,전북 전주시 효자동2가 봉곡로,127.09487155,35.811682336,5,5,5,5,5
전세,효자동2가,소태정4길,67.49333333333333,202008.33333333328,18.33333333333333,8500.0,0.0,2011.0,전북 전주시 효자동2가 소태정4길,127.100511183,35.806485544000004,3,3,3,3,3
전세,효자동2가,우전1길,61.605,202033.5,22.5,8500.0,0.0,2014.25,전북 전주시 효자동2가 우전1길,127.106116884,35.807021964,4,4,4,4,4
전세,효자동2가,우전2길,62.09266666666666,202038.86666666667,17.8,11466.666666666664,0.0,2017.6153846153845,전북 전주시 효자동2가 우전2길,127.108040389,35.805223597,15,15,15,15,15
전세,효자동2가,우전로,85.8,202007.0,20.0,15000.0,0.0,2011.0,전북 전주시 효자동2가 우전로,127.10014425600001,35.80421672,1,1,1,1,1
전세,효자동2가,후곡길,61.04222222222222,202038.77777777766,18.444444444444443,7833.333333333332,0.0,2010.555555555556,전북 전주시 효자동2가 후곡길,127.09599131700001,35.809613981999995,9,9,9,9,9
전세,효자동3가,농소1길,57.79,202047.42857142846,15.428571428571427,8142.857142857143,0.0,2012.0,전북 전주시 효자동3가 농소1길,127.09685634799999,35.81394698,7,7,7,7,7
전세,효자동3가,농소2길,53.462,202027.2,22.0,7200.0,0.0,2011.2,전북 전주시 효자동3가 농소2길,127.097210083,35.814147086999995,5,5,5,5,5
전세,효자동3가,농소4길,49.82333333333333,202018.5555555556,17.666666666666668,7833.333333333332,0.0,2012.428571428572,전북 전주시 효자동3가 농소4길,127.097849649,35.815038738,9,9,9,9,9
전세,효자동3가,마전들로,57.88894736842104,202021.8947368421,16.736842105263158,7947.368421052632,0.0,2011.6842105263158,전북 전주시 효자동3가 마전들로,127.096152619,35.821300798,19,19,19,19,19
전세,효자동3가,마전중앙로,60.0,202007.0,14.0,11000.0,0.0,2013.0,전북 전주시 효자동3가 마전중앙로,127.102838643,35.82314044,1,1,1,1,1
전세,효자동3가,문학대1길,46.64923076923078,202029.0769230769,18.46153846153846,6853.846153846153,0.0,2011.4545454545453,전북 전주시 효자동3가 문학대1길,127.10090296700001,35.825434838,13,13,13,13,13
전세,효자동3가,문학대2길,41.77592592592593,202031.5185185185,12.0,5755.555555555556,0.0,2010.8076923076928,전북 전주시 효자동3가 문학대2길,127.102990132,35.825472672,27,27,27,27,27
전세,효자동3가,문학대3길,51.46666666666667,202023.0,21.83333333333333,6083.333333333332,0.0,2011.0,전북 전주시 효자동3가 문학대3길,127.10169691799999,35.826663151,6,6,6,6,6
전세,효자동3가,문학대4길,52.27583333333333,202039.38888888888,16.555555555555557,6855.555555555556,0.0,2010.2857142857144,전북 전주시 효자동3가 문학대4길,127.102078178,35.826900691999995,36,36,36,36,36
전세,효자동3가,문학대5길,51.9625,202016.75,15.416666666666664,6685.416666666668,0.0,2010.083333333333,전북 전주시 효자동3가 문학대5길,127.10299838600001,35.827116218,12,12,12,12,12
전세,효자동3가,문학대6길,39.67347826086957,202065.21739130432,17.0,4934.782608695652,0.0,2009.4545454545453,전북 전주시 효자동3가 문학대6길,127.10206982700001,35.828538848,23,23,23,23,23
전세,효자동3가,문학로,41.878571428571426,202047.42857142846,15.714285714285715,5428.571428571428,0.0,2010.2857142857144,전북 전주시 효자동3가 문학로,127.10208344,35.825951609,7,7,7,7,7
전세,효자동3가,배학1길,51.30823529411765,202024.64705882352,15.470588235294118,7617.647058823532,0.0,2011.2666666666669,전북 전주시 효자동3가 배학1길,127.096854421,35.818654285,17,17,17,17,17
전세,효자동3가,배학2길,45.30799999999999,202035.75,15.05,6275.0,0.0,2012.25,전북 전주시 효자동3가 배학2길,127.098060394,35.818861174,20,20,20,20,20
전세,효자동3가,배학3길,52.68428571428571,202013.92857142846,15.642857142857142,7700.0,0.0,2011.7692307692307,전북 전주시 효자동3가 배학3길,127.09682852899999,35.819778544,14,14,14,14,14
전세,효자동3가,배학4길,49.14833333333333,202019.20833333328,16.666666666666668,6916.666666666668,0.0,2013.833333333333,전북 전주시 효자동3가 배학4길,127.097202452,35.81997303,24,24,24,24,24
전세,효자동3가,배학5길,35.0,202101.0,17.0,7000.0,0.0,2016.0,전북 전주시 효자동3가 배학5길,127.095618352,35.820610305,1,1,1,1,1
전세,효자동3가,배학6길,62.6425,202056.75,21.0,9625.0,0.0,2014.0,전북 전주시 효자동3가 배학6길,127.097787296,35.820633692,4,4,4,4,4
전세,효자동3가,백마산길,29.722727272727266,202042.77272727274,13.5,4268.181818181818,0.0,2011.8095238095239,전북 전주시 효자동3가 백마산길,127.09291113799999,35.817767163,22,22,22,22,22
전세,효자동3가,봉곡1길,53.22375,202044.125,13.25,6625.0,0.0,2011.5714285714291,전북 전주시 효자동3가 봉곡1길,127.097172738,35.813343278000005,8,8,8,8,8
전세,효자동3가,봉곡2길,52.22416666666667,202039.0,20.75,7191.666666666668,0.0,2012.0,전북 전주시 효자동3가 봉곡2길,127.095795726,35.813134436,12,12,12,12,12
전세,효자동3가,봉곡3길,68.785,202009.0,22.25,9125.0,0.0,2011.25,전북 전주시 효자동3가 봉곡3길,127.097205594,35.812185433,4,4,4,4,4
전세,효자동3가,봉곡4길,54.165,202014.5625,19.1875,8093.75,0.0,2011.142857142857,전북 전주시 효자동3가 봉곡4길,127.095992976,35.812168246999995,16,16,16,16,16
전세,효자동3가,봉곡로,57.79833333333333,202006.66666666663,16.666666666666668,7166.666666666668,0.0,2010.0,전북 전주시 효자동3가 봉곡로,127.09500366200001,35.811948670999996,6,6,6,6,6
전세,효자동3가,서곡1길,48.96750000000001,202020.75,20.25,5450.0,0.0,2008.6842105263158,전북 전주시 효자동3가 서곡1길,127.10010977700001,35.834278762,20,20,20,20,20
전세,효자동3가,서곡2길,53.26666666666666,202028.5,17.27777777777778,5472.222222222223,0.0,2007.7222222222226,전북 전주시 효자동3가 서곡2길,127.101858639,35.835231059,18,18,18,18,18
전세,효자동3가,서곡3길,49.16214285714285,202047.92857142846,13.642857142857142,6303.571428571428,0.0,2010.1851851851845,전북 전주시 효자동3가 서곡3길,127.100718466,35.836078648000004,28,28,28,28,28
전세,효자동3가,서곡4길,53.10842105263158,202037.4210526316,13.578947368421053,7473.684210526316,0.0,2011.7222222222226,전북 전주시 효자동3가 서곡4길,127.10261617200001,35.835154644,19,19,19,19,19
전세,효자동3가,서곡5길,64.185,202031.5,18.75,10500.0,0.0,2014.75,전북 전주시 효자동3가 서곡5길,127.101535975,35.837212646,4,4,4,4,4
전세,효자동3가,서곡6길,45.88416666666666,202031.5,10.583333333333334,5833.333333333332,0.0,2007.25,전북 전주시 효자동3가 서곡6길,127.103227492,35.836241592,12,12,12,12,12
전세,효자동3가,서곡7길,45.778,202025.4,13.4,7400.0,0.0,2016.0,전북 전주시 효자동3가 서곡7길,127.10255155600001,35.83225750000001,5,5,5,5,5
전세,효자동3가,서곡로,68.38,202053.5,24.0,10000.0,0.0,2016.5,전북 전주시 효자동3가 서곡로,127.103209115,35.837000436,2,2,2,2,2
전세,효자동3가,서원로,65.44333333333333,202069.33333333328,11.0,7666.666666666668,0.0,2013.0,전북 전주시 효자동3가 서원로,127.109287685,35.814185298000005,3,3,3,3,3
전세,효자동3가,세내로,80.71,202038.33333333328,14.333333333333336,9666.666666666666,0.0,2009.666666666667,전북 전주시 효자동3가 세내로,127.098679449,35.834582681,3,3,3,3,3
전세,효자동3가,용호로,80.97399999999998,202036.5,15.3,11050.0,0.0,2012.333333333333,전북 전주시 효자동3가 용호로,127.096824581,35.812366995,10,10,10,10,10
전세,효자동3가,우전로,65.0,202102.0,2.0,8000.0,0.0,2011.0,전북 전주시 효자동3가 우전로,127.101639786,35.819928363,2,2,2,2,2
전세,효자동3가,척동10길,43.58,202012.75,18.7,6060.0,0.0,2011.75,전북 전주시 효자동3가 척동10길,127.100075172,35.824846062,20,20,20,20,20
전세,효자동3가,척동1길,57.952941176470574,202024.64705882352,13.529411764705882,7676.4705882352955,0.0,2012.8823529411768,전북 전주시 효자동3가 척동1길,127.099043992,35.821423063000005,17,17,17,17,17
전세,효자동3가,척동2길,55.676,202006.6,19.2,7000.0,0.0,2010.8,전북 전주시 효자동3가 척동2길,127.10030005700001,35.821444651,5,5,5,5,5
전세,효자동3가,척동3길,43.71,202039.5909090909,14.159090909090908,6193.181818181818,0.0,2013.317073170732,전북 전주시 효자동3가 척동3길,127.09979963200001,35.822113566999995,44,44,44,44,44
전세,효자동3가,척동4길,58.29826086956522,202027.91304347827,15.043478260869565,7065.217391304348,0.0,2012.7727272727273,전북 전주시 효자동3가 척동4길,127.100095423,35.822315938,23,23,23,23,23
전세,효자동3가,척동5길,34.29,202034.88888888888,14.611111111111107,4944.444444444444,0.0,2011.333333333333,전북 전주시 효자동3가 척동5길,127.099805312,35.822963158,18,18,18,18,18
전세,효자동3가,척동6길,40.0690909090909,202033.18181818182,13.0,6154.545454545455,0.0,2012.4545454545453,전북 전주시 효자동3가 척동6길,127.100817721,35.822985996999996,11,11,11,11,11
전세,효자동3가,척동7길,47.3037037037037,202032.7037037037,12.851851851851851,6259.259259259259,0.0,2012.16,전북 전주시 효자동3가 척동7길,127.098784119,35.823662432,27,27,27,27,27
전세,효자동3가,척동8길,51.2,202024.33333333328,17.416666666666668,6916.666666666668,0.0,2011.090909090909,전북 전주시 효자동3가 척동8길,127.100879596,35.823427081999995,12,12,12,12,12
전세,효자동3가,척동9길,48.28125,202020.0,14.5,6875.0,0.0,2013.142857142857,전북 전주시 효자동3가 척동9길,127.099809915,35.824606662,8,8,8,8,8
전세,효자동3가,척동길,51.46066666666666,202044.46666666667,11.333333333333336,6433.333333333332,0.0,2011.928571428572,전북 전주시 효자동3가 척동길,127.09980894700001,35.824362559,15,15,15,15,15
전세,효자동3가,황강서원1길,54.91333333333333,202016.58333333328,16.166666666666668,8383.333333333334,0.0,2012.75,전북 전주시 효자동3가 황강서원1길,127.09830225299999,35.828167656,12,12,12,12,12
전세,효자동3가,황강서원2길,56.74666666666667,202022.58333333328,15.666666666666664,7958.333333333332,0.0,2012.25,전북 전주시 효자동3가 황강서원2길,127.099442304,35.827799041999995,12,12,12,12,12
전세,효자동3가,황강서원3길,68.48818181818181,202016.18181818182,15.0,11227.272727272728,0.0,2015.818181818181,전북 전주시 효자동3가 황강서원3길,127.100095154,35.829119211,11,11,11,11,11
전세,효자동3가,황강서원4길,45.6625925925926,202045.22222222228,14.444444444444445,6296.296296296297,0.0,2011.888888888889,전북 전주시 효자동3가 황강서원4길,127.100386449,35.827546481999995,27,27,27,27,27
전세,효자동3가,황강서원5길,55.72235294117648,202012.35294117648,20.23529411764705,8500.0,0.0,2014.5,전북 전주시 효자동3가 황강서원5길,127.10136124,35.830010825,17,17,17,17,17
전세,효자동3가,황강서원로,56.78481481481482,202028.22222222228,14.925925925925926,8092.592592592591,0.0,2012.3461538461536,전북 전주시 효자동3가 황강서원로,127.098499602,35.828366798000005,27,27,27,27,27
전세,효자동3가,효자로,28.40333333333333,202070.33333333328,18.33333333333333,5000.0,0.0,2018.0,전북 전주시 효자동3가 효자로,127.10867288799999,35.820391554000004,3,3,3,3,3
